,Team,Result,SRS,DRtg,MOV,ORtg,Age,DeFG%,SOS,OFT/FGA,ORB%,TOV,OeFG%
490,Miami Heat,NP,-1.84,100.2,-1.54,98.5,30.1,0.455,-0.31,0.19399999999999998,26.6,14.8,0.46299999999999997
977,Portland Trail Blazers,FR,2.6,106.4,2.6,109.1,25.6,0.503,0.0,0.192,23.3,13.5,0.511
66,Seattle SuperSonics,NP,-0.47,106.0,-0.1,105.9,26.6,0.49200000000000005,-0.37,0.257,33.2,17.5,0.478
719,Denver Nuggets,FR,4.15,107.5,4.09,111.8,27.7,0.495,0.06,0.29,26.1,13.9,0.509
210,New Jersey Nets,FR,-1.54,108.7,-1.7,107.0,25.6,0.488,0.15,0.19399999999999998,39.1,17.0,0.473
4,Dallas Mavericks,SF,0.15,109.6,0.43,110.0,24.7,0.503,-0.27,0.245,31.7,15.9,0.503
734,Orlando Magic,CF,7.12,103.3,7.49,111.4,27.9,0.47700000000000004,-0.37,0.24600000000000002,24.6,14.1,0.536
855,Philadelphia 76ers,NP,-10.66,109.9,-10.45,99.4,23.4,0.524,-0.21,0.19,24.8,16.9,0.475
827,Portland Trail Blazers,NP,-2.53,109.2,-3.17,105.8,24.4,0.512,0.65,0.19399999999999998,25.3,14.7,0.498
772,Washington Wizards,NP,-7.3,110.2,-7.4,102.4,24.9,0.512,0.11,0.21600000000000003,28.0,15.3,0.47100000000000003
562,Washington Wizards,NP,-6.12,104.8,-5.63,98.8,24.4,0.486,-0.48,0.24100000000000002,30.7,17.5,0.45399999999999996
468,Portland Trail Blazers,FR,4.52,101.8,4.2,106.5,30.1,0.47,0.33,0.225,30.0,15.3,0.49700000000000005
587,Sacramento Kings,FR,2.56,108.2,2.16,110.5,27.7,0.493,0.4,0.226,28.8,13.1,0.496
665,Los Angeles Lakers,LF,7.34,105.5,7.26,113.0,26.7,0.485,0.09,0.256,26.3,14.1,0.525
838,Cleveland Cavaliers,NP,-3.86,107.7,-3.29,104.2,24.9,0.508,-0.57,0.201,27.2,14.2,0.479
46,Atlanta Hawks,SF,2.59,105.6,2.37,107.9,25.3,0.48100000000000004,0.22,0.282,34.9,18.1,0.493
549,Minnesota Timberwolves,CF,5.86,99.7,5.49,105.9,29.7,0.444,0.37,0.207,26.7,12.7,0.486
897,Chicago Bulls,NP,-1.46,106.5,-1.48,105.0,27.6,0.485,0.01,0.18899999999999997,24.5,13.9,0.48700000000000004
112,Seattle SuperSonics,FR,1.29,108.1,2.06,110.2,25.6,0.495,-0.77,0.245,36.3,16.8,0.491
322,Phoenix Suns,FR,0.28,110.0,0.33,110.3,27.9,0.511,-0.05,0.28600000000000003,29.8,14.7,0.498
820,Minnesota Timberwolves,NP,-1.83,105.4,-2.37,102.9,26.4,0.511,0.54,0.226,27.4,14.8,0.473
724,Los Angeles Clippers,NP,-6.01,110.1,-6.35,103.3,27.3,0.509,0.34,0.20600000000000002,27.1,15.7,0.491
3,Cleveland Cavaliers,NP,-3.71,108.5,-4.26,104.1,25.4,0.49,0.55,0.22399999999999998,33.5,16.2,0.46799999999999997
627,Cleveland Cavaliers,LF,3.33,101.3,3.83,105.5,26.9,0.48,-0.5,0.223,29.7,14.4,0.484
607,Miami Heat,WF,3.59,104.5,3.87,108.7,29.2,0.47700000000000004,-0.27,0.254,26.7,14.5,0.517
612,New York Knicks,NP,-6.3,111.0,-6.4,104.0,25.6,0.511,0.11,0.303,31.2,17.7,0.48100000000000004
924,Boston Celtics,CF,2.25,108.4,2.63,111.2,25.9,0.503,-0.39,0.22,21.2,13.3,0.525
492,Minnesota Timberwolves,FR,3.58,105.3,3.38,109.0,26.7,0.48200000000000004,0.2,0.203,31.3,13.4,0.49
350,Philadelphia 76ers,NP,-5.89,111.4,-6.54,104.6,25.5,0.51,0.65,0.259,34.1,17.5,0.47
212,Orlando Magic,NP,-6.52,110.5,-6.91,103.5,26.6,0.502,0.4,0.23800000000000002,32.4,16.9,0.467
770,Toronto Raptors,NP,-6.28,112.9,-6.28,106.1,24.5,0.522,0.01,0.221,28.2,14.7,0.491
652,Washington Wizards,FR,-0.8,110.6,-0.51,110.1,26.8,0.517,-0.28,0.272,28.1,13.8,0.491
713,Atlanta Hawks,SF,4.44,106.7,4.66,111.9,26.5,0.496,-0.22,0.213,28.2,12.0,0.506
877,Memphis Grizzlies,SF,3.62,102.2,3.24,105.7,29.6,0.49200000000000005,0.38,0.214,24.7,13.3,0.489
880,Minnesota Timberwolves,NP,-8.0,112.2,-8.79,102.9,24.4,0.537,0.79,0.24,26.6,15.0,0.46799999999999997
766,Phoenix Suns,NP,-0.46,110.4,-0.89,109.5,29.6,0.513,0.43,0.215,23.7,14.3,0.522
69,Atlanta Hawks,SF,7.18,105.2,7.23,112.6,26.1,0.46,-0.05,0.28300000000000003,37.2,15.6,0.49
816,Los Angeles Lakers,FR,1.48,106.6,1.16,107.8,30.7,0.496,0.32,0.239,27.0,15.0,0.512
197,Chicago Bulls,WF,10.07,104.5,10.44,115.5,27.6,0.47600000000000003,-0.37,0.221,35.1,13.3,0.518
939,Milwaukee Bucks,FR,-0.45,109.3,-0.18,109.1,25.6,0.518,-0.26,0.21,21.5,14.0,0.527
976,Phoenix Suns,NP,-8.8,112.8,-9.37,103.5,23.7,0.5329999999999999,0.57,0.203,22.5,15.7,0.495
741,Utah Jazz,SF,5.33,105.0,5.34,110.7,25.6,0.49200000000000005,-0.01,0.252,26.8,15.2,0.524
941,New Orleans Pelicans,NP,-1.69,107.4,-2.1,105.2,25.7,0.509,0.41,0.192,18.5,12.9,0.504
586,Portland Trail Blazers,NP,-3.45,107.7,-4.0,103.2,27.0,0.479,0.55,0.21899999999999997,29.6,16.0,0.484
555,Phoenix Suns,NP,-2.94,105.5,-3.74,101.4,24.4,0.48200000000000004,0.8,0.209,26.6,15.2,0.475
655,Charlotte Bobcats,NP,-4.49,109.4,-4.38,104.6,26.3,0.505,-0.11,0.23,25.6,14.7,0.49200000000000005
466,Philadelphia 76ers,LF,3.64,98.9,4.28,103.6,28.2,0.46,-0.65,0.262,31.2,15.8,0.46799999999999997
134,Portland Trail Blazers,FR,0.92,108.0,1.46,109.4,26.9,0.501,-0.55,0.23,36.7,17.5,0.488
574,Los Angeles Clippers,NP,-0.47,106.4,-0.77,105.5,25.5,0.48,0.3,0.278,30.3,15.7,0.47700000000000004
617,Sacramento Kings,FR,1.61,105.0,1.54,106.7,27.2,0.488,0.07,0.262,25.4,14.6,0.49200000000000005
24,Boston Celtics,LF,6.47,106.3,6.65,112.8,28.5,0.48100000000000004,-0.18,0.254,32.8,16.2,0.515
90,Utah Jazz,FR,0.04,103.7,0.4,104.1,26.9,0.466,-0.36,0.231,31.2,17.1,0.473
590,Toronto Raptors,NP,-1.81,108.7,-1.62,106.9,27.0,0.499,-0.19,0.244,23.7,13.3,0.49200000000000005
481,Dallas Mavericks,SF,4.41,107.7,4.26,112.2,27.6,0.485,0.16,0.23199999999999998,26.1,12.1,0.507
494,New York Knicks,NP,-4.15,105.9,-3.99,101.5,30.3,0.479,-0.16,0.21600000000000003,25.6,14.5,0.46799999999999997
584,Philadelphia 76ers,FR,-1.07,104.3,-0.74,103.5,26.4,0.485,-0.33,0.257,25.4,15.5,0.475
2,Chicago Bulls,NP,-4.69,107.5,-5.18,102.4,24.4,0.49700000000000005,0.5,0.268,32.3,19.2,0.475
207,Miami Heat,FR,-3.94,110.9,-4.21,106.7,24.4,0.508,0.27,0.26,33.0,16.8,0.479
511,Detroit Pistons,CF,2.97,99.9,3.68,104.1,29.0,0.461,-0.71,0.248,25.9,13.5,0.473
297,Sacramento Kings,NP,-0.74,106.5,-1.0,105.5,26.4,0.48100000000000004,0.26,0.255,32.1,17.7,0.496
40,Phoenix Suns,FR,-2.34,106.8,-2.11,104.7,26.4,0.498,-0.23,0.24600000000000002,29.8,19.3,0.49700000000000005
749,Denver Nuggets,FR,4.81,107.3,4.76,112.3,27.3,0.5,0.05,0.281,23.9,14.1,0.526
299,Seattle SuperSonics,FR,7.91,106.3,8.18,114.8,28.7,0.49200000000000005,-0.27,0.28800000000000003,32.6,15.8,0.527
157,New York Knicks,SF,0.78,108.0,1.41,109.4,26.5,0.48200000000000004,-0.63,0.25,34.2,17.2,0.501
314,Los Angeles Lakers,FR,4.21,106.6,4.45,111.4,27.1,0.491,-0.24,0.228,30.1,14.2,0.515
485,Houston Rockets,NP,-4.31,108.6,-4.89,103.1,25.9,0.491,0.58,0.21100000000000002,29.0,14.1,0.465
609,Minnesota Timberwolves,NP,-1.75,104.5,-1.88,102.4,26.7,0.475,0.13,0.226,25.2,14.5,0.48
632,Houston Rockets,FR,5.04,100.7,4.85,106.0,28.2,0.466,0.19,0.22,25.7,14.2,0.499
834,Boston Celtics,NP,-4.97,107.7,-4.46,102.9,25.4,0.505,-0.51,0.193,27.4,15.4,0.47700000000000004
846,Los Angeles Lakers,NP,-5.33,110.6,-6.29,104.2,26.8,0.513,0.96,0.19899999999999998,20.2,15.1,0.505
440,Sacramento Kings,FR,3.04,102.1,2.91,105.0,27.5,0.479,0.12,0.209,27.7,16.2,0.486
93,Boston Celtics,CF,6.15,109.4,5.94,115.4,29.8,0.489,0.22,0.267,29.8,15.9,0.541
177,Indiana Pacers,FR,-0.37,112.1,-0.39,111.7,26.4,0.503,0.02,0.287,30.6,16.5,0.511
874,Indiana Pacers,NP,-0.23,103.2,0.28,103.5,28.3,0.478,-0.51,0.201,24.0,14.0,0.484
610,New Jersey Nets,SF,1.11,102.4,1.37,103.9,28.6,0.47600000000000003,-0.26,0.262,24.0,13.6,0.478
183,New Jersey Nets,NP,-4.53,107.4,-4.51,102.9,26.2,0.478,-0.02,0.222,35.7,17.4,0.455
305,Chicago Bulls,WF,11.8,101.8,12.24,115.2,29.9,0.48200000000000004,-0.44,0.217,36.9,14.3,0.517
500,San Antonio Spurs,SF,6.28,99.7,6.21,106.5,28.5,0.45299999999999996,0.07,0.262,27.2,14.4,0.49200000000000005
910,Minnesota Timberwolves,NP,-3.38,110.1,-3.54,106.5,24.6,0.524,0.15,0.263,24.3,15.0,0.498
386,Utah Jazz,LF,5.73,105.4,6.54,112.7,29.7,0.47100000000000003,-0.81,0.33399999999999996,32.3,15.4,0.51
70,Boston Celtics,LF,6.57,106.8,6.65,113.5,29.4,0.47100000000000003,-0.08,0.247,29.0,15.9,0.532
302,Atlanta Hawks,SF,1.29,108.0,1.22,109.4,28.1,0.512,0.07,0.22899999999999998,34.0,15.0,0.49
765,Philadelphia 76ers,FR,1.01,105.0,1.5,106.6,24.7,0.48700000000000004,-0.5,0.21,24.6,13.0,0.494
498,Portland Trail Blazers,FR,3.21,104.0,2.99,107.4,29.0,0.489,0.22,0.218,31.8,14.3,0.485
664,Los Angeles Clippers,NP,-6.56,109.1,-7.27,101.2,28.5,0.503,0.71,0.264,23.1,14.4,0.465
113,Utah Jazz,SF,2.96,103.1,3.68,106.8,27.3,0.45899999999999996,-0.73,0.254,30.4,18.1,0.5
504,Washington Wizards,NP,-1.58,106.4,-1.4,104.8,27.5,0.484,-0.17,0.214,30.7,13.0,0.46399999999999997
165,Utah Jazz,FR,4.82,105.4,4.79,110.3,27.6,0.46799999999999997,0.03,0.284,30.1,17.2,0.522
540,Detroit Pistons,WF,5.04,95.4,5.84,102.0,27.4,0.441,-0.81,0.247,30.1,15.1,0.461
622,Washington Wizards,FR,1.57,107.3,1.85,109.3,26.5,0.504,-0.29,0.284,29.5,13.9,0.484
643,Orlando Magic,FR,0.35,104.1,0.78,104.9,25.6,0.48,-0.43,0.276,29.3,17.0,0.5
733,Oklahoma City Thunder,FR,3.55,104.6,3.49,108.3,23.2,0.483,0.06,0.268,28.6,15.0,0.494
640,New Jersey Nets,SF,-1.0,106.6,-0.77,105.7,28.2,0.49,-0.23,0.245,24.6,14.8,0.504
972,New York Knicks,NP,-3.53,110.7,-3.56,107.1,26.3,0.522,0.03,0.17,24.1,14.7,0.51
938,Miami Heat,NP,0.77,106.7,1.06,107.8,26.5,0.496,-0.29,0.177,24.2,13.4,0.512
921,Utah Jazz,NP,1.84,103.9,1.79,105.9,24.2,0.495,0.05,0.213,25.9,14.9,0.501
83,New York Knicks,NP,-5.42,111.1,-6.27,104.8,26.4,0.49700000000000005,0.85,0.24600000000000002,31.2,17.3,0.483
658,Dallas Mavericks,FR,4.7,106.1,4.54,111.1,28.9,0.474,0.16,0.259,26.7,12.6,0.502
742,Washington Wizards,NP,-4.72,109.4,-4.78,104.2,27.6,0.502,0.06,0.21600000000000003,27.6,14.9,0.48100000000000004
103,Los Angeles Lakers,WF,4.81,107.3,5.84,113.1,28.9,0.484,-1.03,0.276,32.3,16.1,0.515
543,Indiana Pacers,CF,4.93,97.2,5.76,103.8,27.1,0.45899999999999996,-0.82,0.243,28.5,14.4,0.47100000000000003
528,Sacramento Kings,SF,6.68,99.1,6.5,105.9,28.3,0.446,0.18,0.196,25.6,14.5,0.499
248,Atlanta Hawks,SF,4.94,101.7,5.27,107.2,28.7,0.475,-0.33,0.221,34.6,15.3,0.48
133,Phoenix Suns,CF,6.84,105.7,7.7,113.1,25.7,0.47600000000000003,-0.86,0.272,30.8,15.6,0.509
747,Cleveland Cavaliers,NP,-8.88,111.8,-9.01,102.2,26.6,0.524,0.14,0.233,24.2,14.2,0.47200000000000003
320,Orlando Magic,CF,5.4,106.9,5.56,112.9,27.7,0.491,-0.16,0.23199999999999998,29.0,14.1,0.529
39,Philadelphia 76ers,CF,4.17,107.3,4.1,111.3,27.9,0.494,0.07,0.331,37.4,19.2,0.49700000000000005
920,Toronto Raptors,CF,4.08,105.2,4.5,110.0,26.3,0.498,-0.42,0.255,24.6,13.1,0.504
542,Houston Rockets,FR,2.28,99.0,1.73,100.9,28.3,0.447,0.55,0.221,26.5,16.7,0.484
142,Charlotte Hornets,NP,-7.0,109.9,-7.82,102.0,25.6,0.506,0.81,0.207,26.1,15.0,0.47
616,Portland Trail Blazers,NP,-8.91,111.9,-9.45,101.1,24.6,0.507,0.54,0.214,26.6,14.7,0.474
705,Philadelphia 76ers,FR,0.16,107.8,0.07,107.9,26.1,0.507,0.09,0.253,31.3,14.1,0.485
828,Sacramento Kings,NP,-4.26,111.4,-4.88,106.2,25.6,0.517,0.62,0.20800000000000002,26.6,14.6,0.491
148,Golden State Warriors,NP,-2.55,112.6,-3.13,109.6,26.0,0.494,0.59,0.321,26.1,17.3,0.501
556,Portland Trail Blazers,NP,-0.58,105.1,-1.27,103.7,27.6,0.48200000000000004,0.69,0.195,31.2,14.8,0.478
557,Sacramento Kings,SF,5.41,104.9,5.01,110.3,29.3,0.483,0.4,0.242,26.0,13.9,0.507
639,Minnesota Timberwolves,NP,-3.16,107.9,-3.67,103.9,27.7,0.498,0.51,0.231,25.1,15.6,0.49
201,Detroit Pistons,FR,2.06,105.3,2.04,107.5,30.1,0.46799999999999997,0.01,0.228,34.9,14.8,0.47700000000000004
703,Oklahoma City Thunder,NP,-6.04,109.4,-6.1,102.9,24.5,0.514,0.06,0.242,28.6,16.2,0.47100000000000003
153,Miami Heat,NP,-9.59,108.9,-9.72,99.3,24.7,0.499,0.13,0.19,33.5,19.0,0.467
174,Detroit Pistons,CF,3.08,104.6,3.27,108.2,30.5,0.46399999999999997,-0.19,0.245,34.7,14.4,0.474
981,Utah Jazz,SF,4.47,103.9,4.3,108.4,26.7,0.506,0.17,0.20199999999999999,21.5,14.7,0.527
832,Washington Wizards,NP,-2.78,103.0,-2.54,100.2,25.4,0.483,-0.25,0.191,24.6,15.1,0.475
491,Milwaukee Bucks,NP,-0.62,107.1,-0.22,106.9,28.9,0.47700000000000004,-0.4,0.201,25.6,14.1,0.507
700,New Jersey Nets,NP,-2.31,111.0,-2.44,108.3,25.7,0.509,0.13,0.23600000000000002,25.2,13.1,0.49700000000000005
544,Los Angeles Clippers,NP,-3.74,108.5,-4.59,103.5,24.3,0.494,0.84,0.275,32.8,16.4,0.45299999999999996
963,Houston Rockets,CF,8.21,106.1,8.48,114.7,29.8,0.521,-0.27,0.233,21.3,13.8,0.551
323,Portland Trail Blazers,FR,2.21,103.5,2.35,106.0,28.1,0.478,-0.14,0.23,33.4,16.8,0.494
190,San Antonio Spurs,FR,4.3,103.3,4.51,107.8,26.0,0.46299999999999997,-0.21,0.26899999999999996,33.3,17.6,0.494
821,New Orleans Hornets,NP,-3.12,110.1,-3.87,105.7,24.0,0.52,0.75,0.193,29.2,14.5,0.489
319,New York Knicks,SF,2.24,103.5,2.32,106.0,30.4,0.47600000000000003,-0.08,0.23199999999999998,25.5,15.5,0.509
696,Memphis Grizzlies,NP,-5.23,109.5,-5.46,103.5,23.3,0.515,0.24,0.249,25.8,15.3,0.486
388,Washington Wizards,NP,1.11,104.5,0.59,105.2,26.7,0.48100000000000004,0.53,0.21899999999999997,31.2,14.1,0.47600000000000003
940,Minnesota Timberwolves,NP,-0.64,112.0,-1.11,110.8,24.0,0.535,0.47,0.22899999999999998,27.2,14.0,0.511
1,Boston Celtics,WF,6.42,104.4,6.56,110.9,28.0,0.475,-0.14,0.264,34.2,17.3,0.504
214,Phoenix Suns,SF,5.68,106.2,5.94,112.1,27.0,0.47100000000000003,-0.26,0.258,31.7,15.1,0.508
81,Milwaukee Bucks,SF,4.04,105.6,3.91,109.5,27.7,0.479,0.12,0.268,31.1,15.4,0.48700000000000004
752,Houston Rockets,NP,2.37,109.0,2.18,111.3,26.5,0.5,0.19,0.239,27.4,13.5,0.503
756,Memphis Grizzlies,SF,2.55,105.1,2.34,107.6,25.2,0.502,0.2,0.218,28.9,14.0,0.493
684,Boston Celtics,SF,7.44,102.3,7.51,110.5,27.8,0.47,-0.07,0.251,27.9,15.6,0.528
268,Phoenix Suns,SF,4.68,106.8,4.84,111.7,28.7,0.493,-0.17,0.23600000000000002,35.2,15.9,0.509
16,Phoenix Suns,CF,0.65,108.0,0.89,108.9,27.2,0.501,-0.24,0.23199999999999998,31.4,17.7,0.514
19,San Diego Clippers,NP,-3.21,112.4,-3.26,109.2,25.5,0.513,0.04,0.244,37.7,18.5,0.498
878,Miami Heat,NP,-2.92,106.7,-2.6,103.9,28.5,0.505,-0.32,0.22699999999999998,23.2,14.8,0.5
193,Washington Bullets,NP,-4.84,108.1,-4.98,103.0,26.5,0.478,0.14,0.203,32.2,16.6,0.47
532,Utah Jazz,FR,2.76,102.8,2.39,105.5,30.9,0.46799999999999997,0.37,0.28300000000000003,32.5,16.8,0.486
96,Dallas Mavericks,CF,3.59,107.7,4.37,112.2,27.0,0.48100000000000004,-0.77,0.275,37.5,15.3,0.485
558,San Antonio Spurs,SF,7.51,94.1,7.22,102.2,27.3,0.433,0.29,0.21899999999999997,29.5,14.7,0.473
958,Cleveland Cavaliers,LF,0.59,111.9,0.94,112.9,30.6,0.54,-0.35,0.214,20.1,13.7,0.547
465,Orlando Magic,FR,0.39,102.1,0.99,103.2,26.0,0.46399999999999997,-0.6,0.215,29.1,15.2,0.474
64,Sacramento Kings,FR,-3.19,109.2,-3.07,106.2,26.6,0.499,-0.12,0.252,32.7,18.7,0.49200000000000005
252,Cleveland Cavaliers,FR,3.64,105.1,4.02,109.4,27.9,0.484,-0.39,0.258,31.8,13.9,0.48700000000000004
507,Chicago Bulls,NP,-5.31,105.6,-5.13,100.2,25.2,0.47,-0.17,0.217,27.7,16.9,0.47100000000000003
211,New York Knicks,SF,3.67,104.2,3.89,108.3,27.3,0.47100000000000003,-0.22,0.21600000000000003,34.6,15.1,0.491
338,Detroit Pistons,FR,5.45,104.4,5.24,110.6,28.2,0.48700000000000004,0.2,0.244,27.5,12.7,0.512
454,Detroit Pistons,NP,-2.08,101.8,-1.7,100.0,27.1,0.466,-0.39,0.23399999999999999,29.3,15.9,0.45299999999999996
239,Orlando Magic,NP,1.35,107.1,1.32,108.5,25.8,0.473,0.03,0.271,31.4,17.4,0.509
18,San Antonio Spurs,NP,-0.5,111.4,-0.27,111.2,27.4,0.508,-0.23,0.255,33.4,17.6,0.511
285,Indiana Pacers,CF,3.35,105.6,3.7,109.6,28.7,0.493,-0.34,0.287,32.8,16.3,0.507
84,Philadelphia 76ers,FR,0.11,108.5,-0.2,108.3,26.6,0.499,0.31,0.29,34.9,18.5,0.49700000000000005
254,Denver Nuggets,SF,1.54,102.3,1.49,103.9,24.8,0.45299999999999996,0.05,0.256,32.2,17.3,0.478
379,Philadelphia 76ers,NP,-1.89,105.4,-2.39,102.8,25.4,0.48100000000000004,0.5,0.271,32.5,16.5,0.462
175,Golden State Warriors,SF,1.72,110.3,1.63,111.9,26.5,0.49700000000000005,0.09,0.294,31.0,16.6,0.504
872,Golden State Warriors,WF,10.01,101.4,10.1,111.6,26.6,0.47,-0.09,0.184,24.1,14.5,0.54
856,Phoenix Suns,NP,3.02,106.7,2.63,109.5,26.2,0.496,0.39,0.222,26.4,15.3,0.519
36,Milwaukee Bucks,SF,6.69,103.6,6.85,110.5,25.7,0.467,-0.16,0.258,35.4,16.9,0.49700000000000005
119,Cleveland Cavaliers,FR,7.95,102.9,7.6,110.6,26.1,0.473,0.35,0.264,31.2,16.1,0.514
803,Atlanta Hawks,FR,-0.08,104.4,0.4,104.8,27.1,0.496,-0.48,0.174,22.2,14.9,0.517
354,San Antonio Spurs,NP,-7.93,112.3,-7.88,103.3,29.9,0.514,-0.05,0.217,32.4,15.2,0.47200000000000003
13,New Jersey Nets,SF,1.27,105.0,1.1,106.1,25.5,0.494,0.17,0.24,34.6,19.6,0.501
223,Charlotte Hornets,SF,-0.02,109.7,-0.24,109.5,25.7,0.48700000000000004,0.22,0.254,31.3,16.2,0.499
881,New Orleans Pelicans,FR,1.13,107.3,0.79,108.2,25.3,0.496,0.34,0.198,27.1,13.3,0.501
245,Seattle SuperSonics,CF,6.66,104.9,7.07,112.3,27.7,0.489,-0.42,0.24100000000000002,35.5,15.5,0.502
435,New York Knicks,CF,1.3,100.9,1.46,102.5,29.5,0.455,-0.16,0.221,24.7,14.6,0.48200000000000004
876,Los Angeles Lakers,NP,-6.17,110.6,-6.84,103.4,27.0,0.518,0.67,0.204,25.4,13.2,0.473
123,Golden State Warriors,SF,-0.59,107.7,-0.3,107.4,26.0,0.479,-0.29,0.239,33.4,18.1,0.48
199,Dallas Mavericks,NP,-7.47,111.1,-7.65,103.0,28.2,0.483,0.18,0.21100000000000002,31.2,14.7,0.45799999999999996
462,Minnesota Timberwolves,FR,1.81,103.7,1.35,105.2,27.4,0.478,0.46,0.19899999999999998,28.6,13.9,0.48200000000000004
919,San Antonio Spurs,SF,10.28,99.0,10.63,110.3,30.3,0.47700000000000004,-0.36,0.19699999999999998,23.0,13.1,0.526
464,New York Knicks,FR,1.98,98.2,2.63,101.2,29.8,0.45299999999999996,-0.65,0.222,24.2,14.5,0.47600000000000003
641,New Orleans/Oklahoma City Hornets,NP,-1.19,106.5,-1.57,104.8,26.4,0.499,0.38,0.215,29.1,14.5,0.479
443,Toronto Raptors,FR,-0.46,104.9,-0.16,104.7,29.3,0.48,-0.3,0.23,30.1,13.9,0.46399999999999997
37,New Jersey Nets,FR,0.64,107.7,0.23,107.9,26.5,0.505,0.41,0.21899999999999997,33.9,16.5,0.493
668,Milwaukee Bucks,NP,-6.92,112.8,-6.89,105.3,25.8,0.524,-0.03,0.215,30.0,14.8,0.48200000000000004
191,Seattle SuperSonics,FR,1.31,108.5,1.23,109.7,26.2,0.503,0.08,0.226,36.3,17.1,0.501
950,Toronto Raptors,SF,3.65,107.8,4.21,112.3,26.1,0.507,-0.56,0.233,25.0,12.7,0.517
537,Cleveland Cavaliers,NP,-3.07,104.2,-2.62,101.4,24.9,0.469,-0.44,0.226,31.1,14.8,0.451
502,Toronto Raptors,FR,-0.71,103.1,-0.44,102.6,29.3,0.47100000000000003,-0.27,0.18899999999999997,31.4,14.3,0.46299999999999997
200,Denver Nuggets,NP,-7.59,108.6,-7.87,100.7,25.7,0.494,0.28,0.207,34.8,17.6,0.451
769,San Antonio Spurs,FR,5.86,105.6,5.71,111.8,28.8,0.491,0.16,0.22899999999999998,24.9,13.4,0.527
14,New York Knicks,SF,3.79,103.1,3.84,107.0,27.2,0.491,-0.05,0.284,33.4,19.4,0.499
74,Denver Nuggets,FR,-1.14,110.2,-0.87,109.3,28.2,0.503,-0.28,0.248,32.2,14.8,0.478
975,Philadelphia 76ers,SF,4.3,105.0,4.5,109.5,25.8,0.49200000000000005,-0.2,0.198,25.3,16.5,0.535
842,Golden State Warriors,FR,5.15,102.6,4.8,107.5,26.3,0.47700000000000004,0.34,0.18600000000000003,25.1,15.2,0.517
303,Boston Celtics,NP,-3.37,109.9,-3.4,106.4,26.3,0.511,0.03,0.235,28.8,15.9,0.494
334,Chicago Bulls,WF,10.7,102.4,10.8,114.4,30.7,0.47100000000000003,-0.11,0.19899999999999998,35.9,13.5,0.511
385,Toronto Raptors,NP,-8.33,111.0,-9.27,101.2,24.8,0.508,0.94,0.217,32.1,16.7,0.462
957,Chicago Bulls,NP,-6.84,110.9,-7.04,103.8,24.4,0.542,0.2,0.16399999999999998,20.6,14.0,0.49700000000000005
512,Golden State Warriors,NP,-0.6,109.5,-1.13,108.3,24.4,0.48200000000000004,0.54,0.267,35.0,15.8,0.47200000000000003
430,Los Angeles Lakers,WF,8.41,98.2,8.55,107.3,29.2,0.44299999999999995,-0.14,0.24100000000000002,30.6,13.9,0.484
230,Houston Rockets,SF,3.57,105.2,4.23,109.6,27.4,0.474,-0.66,0.235,30.0,15.8,0.515
580,New Jersey Nets,FR,-1.82,103.1,-1.5,101.4,27.8,0.479,-0.32,0.242,25.5,14.2,0.46299999999999997
458,Los Angeles Clippers,NP,-2.23,104.5,-2.89,101.3,24.3,0.466,0.66,0.221,28.3,15.8,0.47600000000000003
357,Utah Jazz,LF,7.97,104.0,8.79,113.6,29.6,0.48,-0.82,0.299,29.7,15.4,0.53
461,Milwaukee Bucks,CF,3.14,104.6,3.88,108.8,28.2,0.473,-0.74,0.217,28.1,13.7,0.499
434,New Jersey Nets,NP,-1.18,106.3,-1.04,105.1,27.3,0.491,-0.15,0.233,28.1,13.6,0.46799999999999997
571,Golden State Warriors,NP,-1.74,106.9,-2.16,104.7,26.7,0.491,0.42,0.201,27.8,13.6,0.475
250,Charlotte Hornets,NP,-0.23,108.6,-0.22,108.4,27.6,0.49200000000000005,-0.01,0.23,29.2,15.4,0.5
541,Golden State Warriors,NP,-0.07,103.8,-0.73,103.0,28.1,0.47600000000000003,0.66,0.226,28.4,14.8,0.475
936,Los Angeles Lakers,NP,-6.29,113.0,-6.88,106.0,25.1,0.542,0.58,0.195,25.0,15.2,0.501
365,Dallas Mavericks,NP,-6.33,107.2,-6.11,100.5,26.3,0.488,-0.22,0.19399999999999998,27.6,14.4,0.45799999999999996
387,Vancouver Grizzlies,NP,-7.47,112.0,-7.3,104.1,26.5,0.507,-0.17,0.242,31.5,17.1,0.48200000000000004
235,Milwaukee Bucks,NP,-3.26,110.1,-3.73,106.2,26.9,0.502,0.47,0.223,30.5,16.6,0.495
501,Seattle SuperSonics,FR,3.24,105.6,3.02,108.9,26.9,0.485,0.22,0.18899999999999997,29.4,13.7,0.505
77,Houston Rockets,SF,0.6,105.5,1.0,106.5,26.1,0.47,-0.4,0.24,33.5,16.9,0.483
762,New York Knicks,FR,0.48,110.1,0.78,110.9,25.3,0.511,-0.3,0.24600000000000002,24.2,13.7,0.513
614,Philadelphia 76ers,NP,-2.1,108.1,-1.95,106.0,26.5,0.5,-0.15,0.27,25.6,14.1,0.48700000000000004
824,Orlando Magic,NP,-7.12,109.1,-6.99,101.6,24.6,0.508,-0.14,0.149,25.4,14.5,0.485
141,Boston Celtics,FR,3.23,107.9,3.99,112.0,30.2,0.47700000000000004,-0.76,0.251,31.5,15.3,0.506
854,Orlando Magic,NP,-5.88,107.4,-5.44,101.7,24.6,0.504,-0.44,0.193,22.4,14.9,0.48700000000000004
737,Portland Trail Blazers,FR,3.18,107.1,3.3,110.8,26.6,0.502,-0.13,0.249,28.2,12.3,0.499
759,Minnesota Timberwolves,NP,-5.97,111.1,-6.63,104.2,23.8,0.514,0.67,0.217,29.6,17.0,0.483
108,Phoenix Suns,NP,-4.8,111.4,-4.48,107.0,27.5,0.507,-0.33,0.23,31.5,17.2,0.494
811,Detroit Pistons,NP,-4.33,108.1,-3.99,103.8,25.3,0.505,-0.34,0.19699999999999998,28.3,15.1,0.48700000000000004
851,New Orleans Pelicans,NP,-1.98,110.1,-2.71,107.2,24.3,0.515,0.73,0.22,26.9,13.8,0.495
6,Detroit Pistons,FR,3.52,108.1,3.59,111.5,25.4,0.5,-0.06,0.25,36.7,16.0,0.48200000000000004
340,Houston Rockets,CF,3.85,104.0,4.48,108.8,30.8,0.48100000000000004,-0.62,0.23199999999999998,28.4,16.6,0.52
258,Indiana Pacers,CF,3.26,104.2,3.45,107.8,27.2,0.47100000000000003,-0.19,0.27,34.4,17.6,0.5
594,Boston Celtics,NP,-1.59,106.9,-1.54,105.2,25.3,0.49,-0.05,0.263,25.5,16.6,0.504
422,Cleveland Cavaliers,NP,-3.64,104.0,-3.5,100.4,27.2,0.474,-0.14,0.245,28.1,17.4,0.46799999999999997
237,New Jersey Nets,FR,1.2,105.2,1.26,106.5,27.3,0.48,-0.05,0.244,35.5,16.5,0.473
849,Milwaukee Bucks,NP,-8.41,111.8,-8.18,103.0,24.7,0.52,-0.23,0.204,27.1,15.1,0.479
565,Charlotte Bobcats,NP,-6.15,107.5,-5.99,101.1,24.9,0.49700000000000005,-0.16,0.217,29.5,14.5,0.455
868,Cleveland Cavaliers,LF,4.08,106.3,4.48,111.1,26.9,0.502,-0.4,0.21600000000000003,26.8,14.3,0.52
588,San Antonio Spurs,WF,7.84,98.8,7.8,107.5,28.5,0.452,0.03,0.23800000000000002,29.1,13.7,0.49200000000000005
518,Miami Heat,NP,-5.13,102.4,-5.05,96.7,26.5,0.47,-0.08,0.198,26.8,14.2,0.439
378,Orlando Magic,NP,-0.53,103.8,-1.07,102.6,30.8,0.478,0.54,0.24,34.2,15.3,0.452
149,Houston Rockets,FR,1.71,103.4,1.46,104.8,27.9,0.475,0.24,0.225,33.1,18.5,0.491
341,Indiana Pacers,NP,1.49,104.7,0.98,105.8,27.9,0.48,0.52,0.27,31.3,16.3,0.49
809,Dallas Mavericks,NP,-0.24,106.5,-0.6,105.9,29.5,0.49200000000000005,0.36,0.192,21.8,14.0,0.506
186,Philadelphia 76ers,SF,-0.39,108.1,-0.18,107.9,28.4,0.489,-0.21,0.27,28.1,15.0,0.489
601,Golden State Warriors,NP,-1.11,106.2,-1.35,104.8,25.6,0.49200000000000005,0.25,0.23199999999999998,26.9,14.1,0.479
911,New Orleans Pelicans,NP,-3.56,109.5,-3.79,105.6,26.6,0.523,0.24,0.201,21.2,13.4,0.498
691,Golden State Warriors,NP,-3.8,113.3,-3.74,109.5,25.0,0.508,-0.06,0.268,26.1,14.6,0.49700000000000005
279,Cleveland Cavaliers,FR,0.55,104.6,0.62,105.3,28.3,0.493,-0.07,0.24100000000000002,31.8,14.3,0.47200000000000003
859,San Antonio Spurs,WF,8.0,102.4,7.72,110.5,28.9,0.48200000000000004,0.28,0.188,22.7,14.4,0.537
722,Houston Rockets,NP,-0.02,108.0,-0.37,107.6,26.0,0.511,0.35,0.225,26.9,14.5,0.494
344,Miami Heat,CF,5.56,100.6,5.49,106.8,27.2,0.465,0.07,0.233,29.2,15.9,0.507
870,Denver Nuggets,NP,-3.07,108.2,-3.55,104.5,26.4,0.504,0.48,0.204,26.6,14.2,0.479
660,Detroit Pistons,CF,6.67,102.9,7.39,111.4,28.3,0.47,-0.72,0.23,29.4,11.7,0.495
918,Sacramento Kings,NP,-2.32,108.4,-2.48,106.0,26.6,0.521,0.16,0.214,23.9,16.2,0.51
55,Indiana Pacers,NP,-2.66,105.9,-3.33,102.6,25.0,0.479,0.67,0.226,31.5,18.5,0.483
670,New Jersey Nets,NP,-5.15,109.4,-5.06,104.0,27.4,0.49700000000000005,-0.09,0.255,26.6,15.0,0.48100000000000004
927,Chicago Bulls,FR,0.03,107.0,0.43,107.4,26.9,0.507,-0.39,0.20600000000000002,27.0,13.6,0.48700000000000004
907,Memphis Grizzlies,FR,-2.14,107.8,-2.24,105.4,30.5,0.518,0.11,0.231,25.3,13.3,0.47700000000000004
560,Toronto Raptors,NP,-3.42,100.4,-3.01,97.0,27.6,0.449,-0.4,0.195,23.8,14.2,0.45399999999999996
51,Denver Nuggets,SF,0.89,105.9,1.3,107.1,28.1,0.495,-0.42,0.245,30.9,16.3,0.475
147,Detroit Pistons,WF,5.41,103.5,6.09,109.9,29.5,0.461,-0.68,0.245,34.2,15.0,0.49
847,Memphis Grizzlies,FR,2.18,104.6,1.57,106.3,28.5,0.49700000000000005,0.61,0.184,28.3,13.7,0.494
173,Denver Nuggets,NP,-10.31,114.7,-10.91,105.2,26.5,0.524,0.6,0.195,33.1,16.2,0.457
436,Orlando Magic,NP,0.43,101.7,0.68,102.4,26.3,0.47600000000000003,-0.26,0.22399999999999998,31.6,17.6,0.473
603,Indiana Pacers,FR,1.62,102.4,1.89,104.5,27.3,0.46399999999999997,-0.27,0.254,27.1,15.3,0.48700000000000004
471,Seattle SuperSonics,NP,0.55,105.6,0.02,105.6,27.9,0.488,0.52,0.21899999999999997,29.1,15.3,0.491
292,New York Knicks,SF,2.78,103.8,3.11,107.2,29.4,0.46799999999999997,-0.33,0.243,28.6,15.9,0.508
97,Denver Nuggets,SF,3.32,106.3,4.07,110.1,28.7,0.498,-0.75,0.231,29.7,14.5,0.486
35,Los Angeles Lakers,WF,6.48,107.0,7.35,114.1,27.4,0.485,-0.87,0.235,33.8,18.7,0.551
682,Washington Wizards,FR,-0.61,109.6,-0.33,109.2,27.2,0.513,-0.28,0.233,28.9,13.2,0.489
374,Milwaukee Bucks,NP,-1.33,105.6,-1.91,103.5,27.6,0.485,0.58,0.26,31.4,16.9,0.475
439,Portland Trail Blazers,CF,6.36,100.8,6.4,107.9,29.6,0.461,-0.04,0.24,30.3,15.2,0.501
748,Dallas Mavericks,WF,4.41,105.0,4.23,109.7,30.9,0.488,0.18,0.222,24.1,14.0,0.525
592,Washington Wizards,SF,-0.71,107.5,-0.33,107.2,25.3,0.498,-0.38,0.264,31.1,14.3,0.474
333,Charlotte Hornets,FR,2.13,108.9,1.87,110.9,29.1,0.496,0.26,0.243,28.7,14.7,0.518
128,Miami Heat,NP,-11.13,109.0,-11.23,97.8,25.2,0.499,0.1,0.20800000000000002,35.6,21.1,0.45899999999999996
170,Chicago Bulls,WF,8.57,105.2,9.1,114.6,26.9,0.488,-0.53,0.225,34.7,14.4,0.521
982,Washington Wizards,FR,0.53,108.7,0.59,109.3,26.9,0.522,-0.06,0.196,23.5,14.6,0.525
264,New Jersey Nets,FR,2.11,104.9,2.2,107.2,26.6,0.475,-0.08,0.267,34.0,14.6,0.461
257,Houston Rockets,WF,4.19,101.4,4.32,105.9,28.1,0.45799999999999996,-0.12,0.218,27.6,16.3,0.507
49,Cleveland Cavaliers,NP,-2.19,108.3,-2.87,105.5,27.0,0.48,0.68,0.24100000000000002,30.3,17.2,0.49
325,San Antonio Spurs,SF,5.98,103.5,6.3,110.2,29.4,0.47200000000000003,-0.33,0.252,27.5,14.6,0.516
278,Chicago Bulls,SF,4.32,104.3,4.83,109.5,28.1,0.488,-0.51,0.22399999999999998,32.9,15.8,0.509
156,New Jersey Nets,NP,-7.82,108.6,-7.87,100.7,26.6,0.495,0.05,0.237,34.5,16.6,0.435
895,Brooklyn Nets,NP,-7.12,110.9,-7.35,103.2,26.9,0.534,0.24,0.18600000000000003,24.1,14.8,0.49200000000000005
140,Atlanta Hawks,NP,0.64,111.9,1.02,113.0,28.6,0.509,-0.39,0.27699999999999997,36.3,15.5,0.496
608,Milwaukee Bucks,FR,-1.07,107.4,-1.04,106.3,25.5,0.504,-0.04,0.23800000000000002,27.3,14.6,0.49200000000000005
678,San Antonio Spurs,CF,5.1,101.8,4.79,107.2,31.4,0.47700000000000004,0.31,0.21,23.4,12.6,0.504
577,Miami Heat,CF,5.77,103.1,6.52,110.2,28.0,0.46,-0.76,0.26,27.0,13.7,0.524
263,Minnesota Timberwolves,NP,-6.55,109.2,-6.93,101.9,26.2,0.488,0.38,0.272,30.1,18.0,0.47100000000000003
695,Los Angeles Lakers,WF,7.11,104.7,7.66,112.8,27.4,0.49,-0.55,0.23,29.4,13.5,0.513
194,Atlanta Hawks,NP,-1.15,108.9,-1.5,107.3,27.2,0.49700000000000005,0.35,0.203,33.6,15.3,0.48100000000000004
569,Denver Nuggets,FR,2.23,103.9,2.02,106.0,26.7,0.48200000000000004,0.2,0.267,28.4,14.9,0.483
768,Sacramento Kings,NP,-4.8,109.0,-5.34,103.5,24.8,0.513,0.54,0.20800000000000002,29.9,16.1,0.48
728,Milwaukee Bucks,FR,1.37,103.1,1.7,104.9,26.4,0.486,-0.32,0.18100000000000002,26.2,13.2,0.48200000000000004
509,Dallas Mavericks,CF,7.9,102.3,7.78,110.7,28.1,0.473,0.12,0.213,25.4,11.6,0.498
906,Los Angeles Lakers,NP,-8.92,111.6,-9.56,101.6,26.5,0.523,0.64,0.228,23.1,13.7,0.46
888,Sacramento Kings,NP,-3.07,109.2,-3.71,105.3,26.0,0.507,0.64,0.276,26.5,16.3,0.49
687,Cleveland Cavaliers,CF,8.68,102.4,8.93,112.4,26.6,0.46799999999999997,-0.25,0.23600000000000002,27.7,12.7,0.519
948,Sacramento Kings,NP,-3.29,111.3,-3.88,107.3,27.9,0.528,0.58,0.22,21.0,14.6,0.516
155,Minnesota Timberwolves,NP,-3.6,108.2,-4.23,103.6,26.2,0.49200000000000005,0.63,0.23199999999999998,34.0,14.6,0.451
73,Dallas Mavericks,FR,5.54,108.7,6.3,114.9,26.4,0.486,-0.77,0.29100000000000004,33.8,14.7,0.503
273,Utah Jazz,CF,4.1,104.1,4.22,108.6,29.4,0.469,-0.12,0.262,31.3,14.5,0.49
493,New Jersey Nets,LF,3.67,99.5,4.16,104.0,26.1,0.45899999999999996,-0.49,0.20600000000000002,29.2,14.5,0.47600000000000003
852,New York Knicks,NP,-1.4,109.1,-0.79,108.3,28.3,0.514,-0.61,0.18899999999999997,25.1,13.0,0.505
686,Chicago Bulls,FR,-0.16,108.7,-0.28,108.4,24.9,0.493,0.12,0.239,28.0,14.5,0.493
329,Vancouver Grizzlies,NP,-9.55,108.5,-9.98,97.6,27.2,0.51,0.43,0.223,27.3,16.4,0.456
135,Sacramento Kings,NP,-5.35,110.0,-5.55,104.5,25.2,0.496,0.2,0.22,30.5,16.7,0.478
326,Seattle SuperSonics,LF,7.4,102.1,7.79,110.3,29.6,0.479,-0.4,0.28800000000000003,29.7,17.6,0.526
71,Chicago Bulls,FR,1.26,107.6,0.89,108.6,25.4,0.491,0.37,0.245,35.0,15.3,0.478
8,Houston Rockets,NP,-3.12,108.2,-3.09,105.3,26.8,0.486,-0.04,0.21,32.8,19.0,0.49700000000000005
566,Chicago Bulls,FR,0.65,100.3,1.06,101.4,25.0,0.45399999999999996,-0.41,0.233,28.4,16.7,0.47100000000000003
559,Seattle SuperSonics,NP,0.02,108.0,-0.63,107.3,26.0,0.48700000000000004,0.66,0.207,27.2,14.5,0.501
88,San Antonio Spurs,NP,-5.09,110.8,-5.1,105.9,27.1,0.514,0.01,0.228,34.3,17.1,0.48200000000000004
167,Atlanta Hawks,FR,0.72,110.1,0.77,110.9,29.0,0.509,-0.05,0.282,33.1,15.0,0.48200000000000004
262,Milwaukee Bucks,NP,-6.24,109.3,-6.48,102.5,26.1,0.513,0.24,0.225,31.1,16.4,0.47100000000000003
875,Los Angeles Clippers,SF,6.8,105.5,6.59,112.4,28.8,0.493,0.22,0.215,22.8,12.3,0.5329999999999999
606,Memphis Grizzlies,FR,3.74,101.6,3.7,105.9,28.1,0.469,0.05,0.24100000000000002,25.8,13.8,0.496
709,San Antonio Spurs,FR,3.36,104.3,3.76,108.5,30.4,0.48700000000000004,-0.4,0.191,22.1,11.7,0.513
688,Dallas Mavericks,SF,1.68,108.4,1.98,110.5,29.0,0.493,-0.3,0.22399999999999998,26.6,12.7,0.504
738,Sacramento Kings,NP,-4.06,109.9,-4.37,105.3,24.1,0.505,0.3,0.207,27.8,15.0,0.491
831,Utah Jazz,NP,0.3,106.8,-0.09,106.7,26.3,0.501,0.38,0.214,28.8,14.8,0.49200000000000005
510,Denver Nuggets,NP,-7.41,101.3,-8.28,92.2,24.1,0.47700000000000004,0.87,0.198,31.3,18.5,0.428
499,Sacramento Kings,CF,7.61,101.1,7.61,109.0,27.0,0.467,0.0,0.231,27.9,13.8,0.49700000000000005
717,Cleveland Cavaliers,SF,6.17,104.1,6.52,111.2,28.0,0.48200000000000004,-0.36,0.24600000000000002,25.1,13.9,0.532
139,Washington Bullets,NP,-1.77,108.5,-2.16,106.4,26.2,0.493,0.39,0.23600000000000002,33.1,15.7,0.467
358,Vancouver Grizzlies,NP,-10.17,111.8,-10.23,100.3,25.0,0.51,0.06,0.191,29.7,15.9,0.47100000000000003
564,Boston Celtics,FR,0.35,106.6,0.87,107.5,27.1,0.48100000000000004,-0.52,0.273,27.2,15.8,0.501
104,Milwaukee Bucks,FR,1.21,107.6,0.54,108.2,28.6,0.483,0.68,0.259,31.8,15.5,0.485
182,Minnesota Timberwolves,NP,-3.75,110.9,-3.93,106.7,26.2,0.502,0.18,0.21,34.9,13.0,0.456
968,Miami Heat,FR,0.15,106.3,0.48,106.8,26.5,0.507,-0.33,0.17300000000000001,21.5,14.4,0.52
581,New Orleans Hornets,NP,-6.3,107.7,-7.07,99.7,27.5,0.491,0.78,0.214,29.1,14.8,0.446
812,Golden State Warriors,SF,1.32,105.5,0.89,106.4,25.3,0.486,0.42,0.201,25.4,15.1,0.506
132,Philadelphia 76ers,FR,1.68,111.5,1.5,113.0,27.0,0.513,0.18,0.27399999999999997,32.2,14.8,0.5
111,San Antonio Spurs,FR,-5.02,112.8,-4.88,108.2,26.2,0.512,-0.14,0.23399999999999999,32.0,17.3,0.499
917,Portland Trail Blazers,SF,0.98,108.0,0.83,108.8,24.3,0.503,0.15,0.20199999999999999,25.9,14.6,0.511
224,Chicago Bulls,WF,6.19,106.1,6.29,112.9,28.1,0.493,-0.1,0.19899999999999998,36.3,13.5,0.499
933,Houston Rockets,SF,5.84,109.0,5.77,114.7,27.4,0.519,0.08,0.233,24.6,15.1,0.545
105,New Jersey Nets,NP,-6.98,109.6,-8.11,101.4,26.7,0.506,1.13,0.245,30.4,18.3,0.478
602,Houston Rockets,NP,-1.3,103.3,-1.59,101.6,28.8,0.47200000000000003,0.28,0.24,25.5,14.5,0.47100000000000003
290,Minnesota Timberwolves,NP,-8.22,112.4,-9.0,102.6,25.4,0.51,0.78,0.293,27.7,17.1,0.475
848,Miami Heat,LF,4.15,105.8,4.76,110.9,30.6,0.511,-0.61,0.228,20.6,14.8,0.5539999999999999
61,Philadelphia 76ers,SF,2.46,106.3,2.35,108.6,28.0,0.499,0.11,0.302,37.3,19.5,0.49
87,Sacramento Kings,NP,-3.34,112.1,-3.22,108.9,26.3,0.498,-0.12,0.266,35.2,17.1,0.48
179,Los Angeles Lakers,LF,6.73,105.0,6.74,112.1,28.4,0.474,-0.01,0.261,33.0,14.7,0.5
758,Milwaukee Bucks,NP,-1.02,102.5,-0.84,101.6,26.7,0.48100000000000004,-0.17,0.217,24.7,13.5,0.467
835,Brooklyn Nets,SF,-1.58,107.7,-1.0,106.7,30.0,0.509,-0.58,0.23600000000000002,21.7,14.5,0.514
805,Brooklyn Nets,FR,1.25,106.2,1.78,108.2,28.6,0.503,-0.53,0.21899999999999997,30.9,14.7,0.498
79,Los Angeles Clippers,NP,-11.0,112.3,-11.43,101.2,26.2,0.526,0.42,0.255,31.8,18.2,0.457
48,Chicago Bulls,FR,-3.12,112.4,-3.8,108.6,26.6,0.509,0.69,0.266,35.1,17.5,0.48700000000000004
901,Detroit Pistons,FR,0.43,105.5,0.61,106.1,25.0,0.504,-0.18,0.19699999999999998,27.0,13.5,0.491
289,Milwaukee Bucks,NP,-4.3,110.9,-4.37,106.2,25.7,0.53,0.07,0.244,31.3,17.0,0.496
384,Seattle SuperSonics,SF,6.33,103.6,7.17,111.6,31.1,0.478,-0.84,0.23600000000000002,28.7,14.0,0.521
929,Dallas Mavericks,NP,-2.53,108.8,-2.93,105.6,27.6,0.529,0.4,0.18,18.1,11.9,0.505
267,Philadelphia 76ers,NP,-7.37,109.7,-7.62,101.7,27.2,0.502,0.25,0.221,28.0,16.7,0.478
956,Charlotte Hornets,NP,0.07,109.1,0.26,109.4,26.6,0.532,-0.19,0.233,22.2,12.7,0.508
339,Golden State Warriors,NP,-4.9,112.2,-4.71,107.2,26.7,0.518,-0.2,0.258,32.3,17.2,0.493
366,Denver Nuggets,NP,-11.74,112.1,-11.78,99.0,26.5,0.506,0.04,0.259,30.2,16.0,0.44
674,Philadelphia 76ers,FR,0.19,106.0,0.41,106.4,25.3,0.504,-0.23,0.22699999999999998,31.8,14.3,0.48200000000000004
80,Los Angeles Lakers,WF,8.32,106.5,9.3,115.6,27.8,0.47600000000000003,-0.99,0.278,34.1,16.6,0.528
184,New York Knicks,FR,-0.43,107.3,-0.23,107.1,28.1,0.489,-0.2,0.242,31.1,16.8,0.498
942,New York Knicks,NP,-3.87,111.5,-3.67,107.7,27.3,0.511,-0.2,0.188,26.6,13.9,0.496
715,Charlotte Bobcats,FR,1.3,102.8,1.46,104.4,27.4,0.491,-0.17,0.26,26.5,15.7,0.49
172,Dallas Mavericks,NP,-4.27,110.3,-4.57,105.5,30.6,0.495,0.31,0.21899999999999997,28.3,14.5,0.485
345,Milwaukee Bucks,NP,-1.38,108.3,-1.89,106.2,27.3,0.501,0.51,0.248,29.7,15.7,0.496
817,Memphis Grizzlies,CF,4.32,100.3,4.15,104.9,27.0,0.475,0.18,0.20199999999999999,31.0,14.0,0.47200000000000003
276,Boston Celtics,FR,-1.92,110.6,-1.88,108.6,27.2,0.512,-0.04,0.249,33.1,15.9,0.491
226,Dallas Mavericks,NP,-14.68,114.7,-15.2,99.5,24.9,0.519,0.52,0.21,31.1,17.8,0.455
154,Milwaukee Bucks,FR,-1.06,108.1,-0.78,107.3,28.1,0.49200000000000005,-0.28,0.24100000000000002,31.5,16.0,0.488
548,Milwaukee Bucks,FR,0.42,105.4,1.06,106.5,26.5,0.485,-0.64,0.255,27.6,13.5,0.47700000000000004
283,Golden State Warriors,NP,-4.9,112.2,-5.41,106.7,26.0,0.522,0.51,0.245,30.3,18.3,0.508
900,Denver Nuggets,NP,-2.81,108.9,-3.1,105.6,24.7,0.515,0.29,0.21600000000000003,25.8,14.7,0.489
5,Denver Nuggets,FR,-1.27,112.3,-1.1,111.3,27.0,0.522,-0.17,0.276,29.3,16.4,0.498
813,Houston Rockets,FR,3.69,106.1,3.48,109.7,24.4,0.502,0.22,0.23199999999999998,26.4,16.4,0.525
321,Philadelphia 76ers,NP,-9.45,113.0,-10.0,102.2,26.1,0.522,0.55,0.259,29.4,17.2,0.474
487,Los Angeles Clippers,NP,-0.09,106.0,-0.46,105.5,24.4,0.47700000000000004,0.38,0.225,31.3,14.8,0.47600000000000003
657,Cleveland Cavaliers,SF,-0.53,106.4,-0.35,106.0,27.1,0.494,-0.17,0.221,30.4,14.0,0.48
255,Detroit Pistons,NP,-7.46,110.9,-7.78,102.7,27.5,0.493,0.33,0.179,28.4,15.1,0.47700000000000004
689,Denver Nuggets,CF,3.13,106.8,3.41,110.4,27.7,0.485,-0.29,0.29,27.5,15.3,0.512
486,Indiana Pacers,FR,-0.07,103.8,0.27,104.1,26.1,0.469,-0.34,0.253,27.0,15.2,0.47700000000000004
962,Golden State Warriors,WF,5.79,107.6,5.98,113.6,28.8,0.504,-0.19,0.195,21.0,15.5,0.569
185,Orlando Magic,NP,-3.79,109.9,-3.98,105.9,26.1,0.493,0.18,0.251,33.0,17.0,0.473
698,Milwaukee Bucks,NP,-0.88,107.9,-1.09,106.7,26.3,0.503,0.21,0.239,27.8,14.1,0.483
887,Portland Trail Blazers,FR,4.41,103.7,4.23,108.2,27.0,0.47600000000000003,0.18,0.18,24.2,13.6,0.508
819,Milwaukee Bucks,FR,-1.83,105.2,-1.5,103.6,26.4,0.49200000000000005,-0.33,0.174,27.9,14.1,0.47600000000000003
126,Los Angeles Clippers,NP,-9.5,110.2,-9.91,100.8,24.6,0.49700000000000005,0.41,0.21600000000000003,31.2,20.3,0.478
293,Orlando Magic,LF,6.44,107.8,7.06,115.1,26.6,0.49,-0.62,0.239,34.0,15.8,0.539
568,Dallas Mavericks,SF,5.86,104.1,5.74,110.3,27.7,0.47200000000000003,0.11,0.273,28.6,13.4,0.49200000000000005
726,Memphis Grizzlies,NP,-1.39,109.9,-1.51,108.3,24.1,0.52,0.13,0.235,31.3,15.2,0.494
9,Indiana Pacers,NP,-4.25,106.5,-4.82,101.8,24.4,0.49700000000000005,0.57,0.228,28.1,18.6,0.48700000000000004
94,Chicago Bulls,SF,3.76,105.5,3.4,109.0,25.5,0.478,0.35,0.24,34.0,15.4,0.494
753,Indiana Pacers,FR,-1.38,106.0,-1.07,104.8,25.9,0.48700000000000004,-0.3,0.235,25.9,15.4,0.486
750,Detroit Pistons,NP,-3.78,111.7,-3.6,107.7,27.2,0.526,-0.18,0.20600000000000002,27.4,13.0,0.495
751,Golden State Warriors,NP,-2.0,110.7,-2.33,108.2,25.2,0.509,0.33,0.183,26.7,14.6,0.51
527,Portland Trail Blazers,FR,2.97,102.6,2.61,105.5,29.2,0.483,0.36,0.223,30.2,15.2,0.489
611,New Orleans/Oklahoma City Hornets,NP,-2.51,106.8,-2.82,103.7,26.3,0.502,0.31,0.257,26.9,13.4,0.46399999999999997
545,Los Angeles Lakers,LF,4.35,101.3,3.9,105.5,29.8,0.47100000000000003,0.45,0.244,28.1,13.8,0.48100000000000004
280,Dallas Mavericks,NP,-2.39,110.6,-2.9,107.6,24.3,0.519,0.51,0.221,38.9,16.4,0.466
522,New Orleans Hornets,FR,1.52,101.6,2.11,103.9,29.1,0.46399999999999997,-0.59,0.21899999999999997,31.7,14.8,0.465
456,Houston Rockets,NP,2.71,104.2,2.29,106.7,26.7,0.475,0.42,0.244,27.5,14.7,0.49200000000000005
905,Los Angeles Clippers,FR,4.13,103.8,4.28,108.3,29.7,0.48,-0.15,0.22,20.1,13.0,0.524
244,San Antonio Spurs,SF,2.21,106.8,2.67,109.6,27.5,0.47700000000000004,-0.46,0.265,27.8,15.0,0.507
196,Charlotte Hornets,NP,-3.57,110.9,-3.9,107.1,25.2,0.51,0.33,0.21600000000000003,31.1,15.5,0.485
833,Atlanta Hawks,FR,-0.88,106.4,-0.48,105.9,27.5,0.51,-0.4,0.20800000000000002,21.0,15.3,0.515
743,Atlanta Hawks,SF,-1.1,107.0,-0.82,106.1,27.4,0.495,-0.28,0.209,23.4,13.6,0.501
470,San Antonio Spurs,CF,7.92,98.0,7.76,106.6,29.5,0.444,0.16,0.267,27.1,14.0,0.496
54,Houston Rockets,LF,2.1,107.6,2.61,110.1,26.0,0.49700000000000005,-0.51,0.23199999999999998,35.5,16.8,0.496
526,Phoenix Suns,FR,1.57,102.5,1.13,103.7,25.2,0.47,0.43,0.21100000000000002,29.7,14.7,0.473
380,Phoenix Suns,FR,4.44,101.8,5.18,107.4,28.2,0.47100000000000003,-0.75,0.217,29.7,15.1,0.5
205,Los Angeles Clippers,FR,1.1,104.7,1.07,105.8,27.3,0.475,0.03,0.226,31.6,15.5,0.483
233,Los Angeles Lakers,FR,-1.2,108.9,-1.27,107.6,28.0,0.5,0.06,0.249,31.4,15.4,0.486
648,San Antonio Spurs,WF,8.35,99.9,8.43,109.2,30.4,0.47100000000000003,-0.08,0.235,24.2,13.9,0.521
721,Golden State Warriors,NP,-3.28,111.7,-3.6,108.1,25.1,0.525,0.32,0.23,20.9,14.7,0.514
538,Dallas Mavericks,FR,4.86,107.4,4.44,112.1,27.4,0.498,0.42,0.204,31.4,12.2,0.495
630,Detroit Pistons,CF,3.69,104.2,4.16,108.9,29.0,0.47700000000000004,-0.47,0.237,28.3,12.2,0.488
536,Chicago Bulls,NP,-6.69,103.4,-6.35,96.6,26.8,0.469,-0.33,0.19699999999999998,28.1,16.1,0.446
424,Denver Nuggets,NP,-1.76,105.8,-2.12,103.5,25.9,0.479,0.36,0.222,29.2,15.6,0.47600000000000003
247,Washington Bullets,NP,-6.49,110.8,-7.04,103.6,26.1,0.51,0.55,0.223,28.8,16.1,0.48
673,Orlando Magic,SF,4.79,105.5,5.46,111.3,26.7,0.484,-0.68,0.256,23.4,14.3,0.537
736,Phoenix Suns,CF,4.67,110.2,4.9,115.3,28.5,0.491,-0.23,0.24,27.6,14.8,0.546
625,Charlotte Bobcats,NP,-3.97,107.6,-3.74,103.6,25.5,0.5,-0.22,0.23600000000000002,26.4,14.9,0.48
484,Golden State Warriors,NP,-4.8,108.5,-5.4,102.8,24.8,0.488,0.61,0.242,35.3,16.8,0.452
826,Phoenix Suns,NP,-5.75,108.1,-6.46,101.2,26.9,0.512,0.71,0.174,27.0,15.6,0.47700000000000004
68,Washington Bullets,FR,-1.28,104.8,-1.8,103.0,27.1,0.47200000000000003,0.53,0.23800000000000002,29.1,16.4,0.47100000000000003
11,Los Angeles Lakers,LF,3.32,107.3,3.76,110.9,27.5,0.48700000000000004,-0.44,0.23600000000000002,33.7,19.2,0.536
86,Portland Trail Blazers,FR,2.57,108.6,3.13,111.5,26.9,0.493,-0.57,0.313,34.1,18.9,0.51
814,Indiana Pacers,CF,3.34,99.8,4.02,104.3,25.7,0.45299999999999996,-0.69,0.21899999999999997,30.3,15.1,0.479
438,Phoenix Suns,SF,5.24,99.0,5.22,104.6,28.6,0.45399999999999996,0.02,0.217,29.3,16.7,0.491
771,Utah Jazz,NP,-1.44,110.1,-1.83,108.1,26.8,0.505,0.39,0.24100000000000002,27.0,14.3,0.498
127,Los Angeles Lakers,LF,6.38,106.7,7.17,113.8,29.5,0.48200000000000004,-0.79,0.282,33.0,16.4,0.518
591,Utah Jazz,NP,-3.74,109.5,-4.27,104.7,25.7,0.499,0.53,0.273,31.9,15.8,0.469
966,Los Angeles Lakers,NP,-1.44,108.0,-1.55,106.5,23.7,0.514,0.11,0.188,23.6,15.8,0.517
114,Washington Bullets,FR,-0.16,107.2,-0.77,106.5,26.6,0.48700000000000004,0.61,0.267,34.2,16.9,0.47
270,Sacramento Kings,NP,-5.32,109.2,-5.77,103.3,26.7,0.499,0.44,0.239,30.4,16.3,0.47100000000000003
727,Miami Heat,FR,1.99,104.1,2.28,106.6,27.1,0.48,-0.29,0.223,26.1,13.2,0.496
841,Detroit Pistons,NP,-4.13,109.7,-3.66,105.9,24.7,0.52,-0.48,0.19899999999999998,31.4,14.5,0.48200000000000004
138,Utah Jazz,FR,4.01,101.5,5.02,106.6,27.4,0.447,-1.01,0.32,32.0,18.7,0.491
595,Charlotte Bobcats,NP,-3.9,106.7,-4.0,102.5,25.2,0.514,0.1,0.233,27.1,14.2,0.46399999999999997
914,Orlando Magic,NP,-1.68,106.8,-1.62,105.1,23.9,0.513,-0.06,0.175,23.1,14.1,0.5
953,Atlanta Hawks,NP,-5.3,110.6,-5.45,105.0,25.4,0.536,0.15,0.185,21.1,15.6,0.512
59,New Jersey Nets,FR,-1.39,106.9,-1.99,105.0,27.5,0.499,0.6,0.248,33.3,19.2,0.489
100,Houston Rockets,FR,0.82,105.7,1.39,107.1,27.7,0.473,-0.57,0.263,33.1,16.7,0.47600000000000003
122,Detroit Pistons,WF,6.24,104.7,5.8,110.8,28.6,0.45799999999999996,0.44,0.266,34.5,16.3,0.502
166,Washington Bullets,NP,-2.43,109.7,-2.16,107.5,27.5,0.484,-0.27,0.21100000000000002,32.4,14.6,0.47700000000000004
645,Phoenix Suns,SF,7.28,106.4,7.3,113.9,27.6,0.49200000000000005,-0.03,0.215,22.7,14.5,0.551
667,Miami Heat,NP,-8.53,110.0,-8.65,100.5,27.4,0.51,0.11,0.218,22.1,14.7,0.48200000000000004
692,Houston Rockets,SF,3.73,104.0,4.0,108.4,27.9,0.479,-0.27,0.235,26.4,14.1,0.501
442,Seattle SuperSonics,FR,1.17,104.6,0.95,105.6,28.5,0.483,0.22,0.196,28.5,14.0,0.48700000000000004
922,Washington Wizards,NP,-0.5,105.8,-0.5,105.3,27.3,0.515,0.0,0.192,20.6,14.5,0.511
231,Indiana Pacers,FR,1.77,110.1,1.7,111.9,26.8,0.485,0.08,0.262,34.2,15.3,0.498
360,Atlanta Hawks,FR,3.85,104.3,3.51,108.2,29.4,0.46799999999999997,0.34,0.275,33.9,14.8,0.48100000000000004
978,Sacramento Kings,NP,-6.6,111.1,-6.99,103.7,26.4,0.542,0.39,0.14300000000000002,21.5,13.7,0.502
710,Toronto Raptors,NP,-2.54,110.0,-2.82,107.0,27.0,0.511,0.28,0.23,24.0,13.4,0.494
583,Orlando Magic,NP,-2.52,107.3,-2.24,104.9,26.5,0.484,-0.27,0.265,29.9,16.1,0.478
534,Atlanta Hawks,NP,-5.0,106.1,-4.65,101.0,26.2,0.47600000000000003,-0.36,0.235,28.6,16.5,0.465
754,Los Angeles Clippers,NP,-2.71,108.7,-3.13,105.3,24.6,0.499,0.42,0.23399999999999999,28.4,16.4,0.496
144,Cleveland Cavaliers,FR,-0.62,107.2,-0.3,106.9,26.1,0.49,-0.31,0.235,31.5,15.2,0.485
943,Oklahoma City Thunder,FR,1.14,107.5,0.76,108.3,24.7,0.511,0.39,0.22,27.9,15.0,0.5
539,Denver Nuggets,FR,1.65,102.7,1.07,103.9,25.6,0.48100000000000004,0.58,0.245,30.5,15.6,0.467
241,Phoenix Suns,LF,6.27,106.7,6.66,113.3,28.2,0.496,-0.39,0.27,33.0,16.6,0.521
372,Los Angeles Lakers,CF,6.88,103.7,7.74,111.9,25.8,0.467,-0.87,0.285,31.6,15.3,0.519
107,Philadelphia 76ers,NP,-0.79,110.3,-1.44,108.8,27.2,0.506,0.65,0.308,35.4,17.5,0.485
615,Phoenix Suns,CF,5.48,105.8,5.55,111.5,27.5,0.49,-0.07,0.166,22.1,13.3,0.537
296,Portland Trail Blazers,FR,3.8,105.7,3.82,109.7,29.3,0.491,-0.02,0.218,37.1,14.8,0.483
671,New Orleans Hornets,SF,5.46,105.7,5.28,111.5,27.1,0.501,0.18,0.193,27.0,11.9,0.512
931,Detroit Pistons,NP,-1.29,107.1,-1.12,106.0,25.4,0.516,-0.17,0.157,24.1,11.9,0.49200000000000005
121,Denver Nuggets,FR,0.91,107.1,1.7,108.6,29.8,0.505,-0.78,0.22399999999999998,29.6,14.9,0.48200000000000004
529,San Antonio Spurs,WF,5.65,99.7,5.41,105.6,28.4,0.45299999999999996,0.23,0.253,28.8,15.8,0.49700000000000005
954,Boston Celtics,CF,3.23,103.9,3.59,107.6,24.7,0.495,-0.35,0.188,21.5,14.0,0.518
452,Dallas Mavericks,SF,4.61,102.6,4.28,107.1,26.6,0.467,0.32,0.231,24.1,13.9,0.498
99,Golden State Warriors,NP,-8.38,112.9,-8.32,104.7,25.4,0.511,-0.06,0.237,31.2,17.0,0.474
946,Phoenix Suns,NP,-5.14,112.2,-5.63,106.6,25.0,0.525,0.49,0.231,26.0,15.4,0.493
295,Phoenix Suns,SF,3.86,110.4,3.88,114.5,29.2,0.515,-0.02,0.255,29.7,14.2,0.524
635,Los Angeles Lakers,FR,0.24,108.6,-0.07,108.6,25.3,0.5,0.32,0.249,26.1,15.5,0.511
457,Indiana Pacers,FR,-0.77,102.2,-0.2,102.0,27.7,0.452,-0.57,0.239,27.0,15.2,0.47100000000000003
845,Los Angeles Clippers,SF,7.27,104.8,6.98,112.1,28.1,0.484,0.3,0.258,25.0,13.9,0.526
908,Miami Heat,SF,1.5,104.4,1.65,106.1,28.4,0.485,-0.14,0.21,23.8,14.1,0.508
62,Phoenix Suns,NP,-3.16,107.2,-2.99,104.3,26.3,0.495,-0.17,0.27899999999999997,31.3,21.5,0.506
160,Phoenix Suns,CF,7.09,106.2,7.1,113.1,26.7,0.478,-0.01,0.302,31.1,15.5,0.509
561,Utah Jazz,NP,-0.53,103.3,-1.22,101.9,24.9,0.46799999999999997,0.69,0.266,34.1,16.6,0.456
222,Boston Celtics,FR,0.93,107.8,0.89,108.7,28.6,0.479,0.04,0.21,31.2,14.3,0.495
359,Washington Bullets,FR,1.77,104.9,1.62,106.6,25.9,0.491,0.15,0.21,30.2,15.7,0.505
708,Sacramento Kings,NP,-8.6,114.7,-8.76,105.5,26.3,0.526,0.16,0.252,24.5,15.4,0.491
425,Detroit Pistons,FR,1.13,105.8,1.44,107.3,28.3,0.499,-0.31,0.295,26.8,15.7,0.49200000000000005
567,Cleveland Cavaliers,NP,0.27,105.7,0.79,106.6,26.5,0.485,-0.52,0.244,32.5,13.9,0.47
260,Los Angeles Lakers,NP,-3.93,109.3,-4.29,104.8,26.5,0.49200000000000005,0.36,0.193,33.2,14.6,0.466
308,Denver Nuggets,NP,-2.62,108.1,-2.71,105.2,26.8,0.49200000000000005,0.09,0.242,30.7,15.4,0.48100000000000004
161,Portland Trail Blazers,LF,6.48,104.4,6.32,110.5,26.7,0.479,0.16,0.26899999999999996,36.5,16.5,0.486
187,Phoenix Suns,FR,6.49,106.1,6.55,112.6,26.9,0.474,-0.06,0.287,33.0,15.9,0.506
355,Seattle SuperSonics,SF,6.91,102.7,7.68,111.2,30.0,0.49,-0.77,0.26899999999999996,30.9,15.0,0.51
53,Golden State Warriors,NP,-3.59,111.6,-3.45,108.3,26.8,0.524,-0.14,0.253,33.5,17.1,0.488
965,Los Angeles Clippers,NP,0.15,110.2,0.04,110.3,27.0,0.52,0.11,0.222,23.5,14.7,0.527
251,Chicago Bulls,SF,2.87,102.7,3.09,106.1,27.7,0.48200000000000004,-0.22,0.192,33.8,15.9,0.493
810,Denver Nuggets,FR,5.37,105.1,5.09,110.4,26.1,0.493,0.28,0.21600000000000003,31.4,15.3,0.515
903,Houston Rockets,FR,0.34,108.1,0.2,108.3,27.8,0.516,0.14,0.244,25.7,15.9,0.516
712,Washington Wizards,NP,-6.98,113.6,-7.46,105.4,26.9,0.5329999999999999,0.48,0.22399999999999998,27.7,14.0,0.48
676,Portland Trail Blazers,NP,-0.52,108.4,-0.98,107.3,24.1,0.491,0.45,0.21600000000000003,26.8,12.9,0.489
106,New York Knicks,FR,0.14,106.4,-0.49,105.9,25.3,0.486,0.63,0.242,36.0,18.5,0.47700000000000004
822,New York Knicks,SF,3.73,106.3,4.23,111.1,30.2,0.508,-0.5,0.196,25.6,12.0,0.515
637,Miami Heat,FR,-1.21,105.3,-0.91,104.3,29.3,0.485,-0.29,0.222,24.9,14.6,0.506
605,Los Angeles Lakers,FR,2.53,105.7,2.5,108.4,25.1,0.486,0.03,0.245,28.8,13.9,0.495
195,Boston Celtics,SF,3.41,107.0,3.62,110.8,29.2,0.469,-0.21,0.215,31.9,14.2,0.5
744,Boston Celtics,SF,4.83,100.3,5.37,106.2,29.5,0.469,-0.54,0.235,21.1,14.6,0.519
885,Philadelphia 76ers,NP,-9.04,104.8,-8.98,95.5,23.2,0.49700000000000005,-0.07,0.195,25.5,17.7,0.45899999999999996
441,San Antonio Spurs,FR,5.92,98.6,5.94,105.0,30.9,0.451,-0.02,0.258,27.8,15.0,0.488
95,Cleveland Cavaliers,FR,1.28,106.0,0.76,106.8,24.6,0.485,0.52,0.268,31.0,17.5,0.5
328,Utah Jazz,CF,6.25,106.1,6.59,113.3,29.5,0.489,-0.34,0.276,31.6,14.8,0.517
343,Los Angeles Lakers,SF,3.66,103.7,4.27,108.3,26.5,0.478,-0.61,0.243,31.6,14.9,0.496
450,Chicago Bulls,NP,-9.09,107.3,-9.1,97.2,23.2,0.499,0.01,0.22,26.6,15.8,0.45
955,Brooklyn Nets,NP,-3.67,110.6,-3.74,106.9,25.1,0.517,0.07,0.201,21.0,15.2,0.514
949,San Antonio Spurs,CF,7.13,103.5,7.2,111.1,29.6,0.49200000000000005,-0.06,0.21,24.0,13.4,0.524
437,Philadelphia 76ers,SF,1.02,100.0,1.34,101.5,27.1,0.466,-0.32,0.233,31.4,15.7,0.457
274,Washington Bullets,NP,-7.13,112.2,-7.38,104.5,25.8,0.526,0.25,0.237,31.2,17.1,0.484
883,Oklahoma City Thunder,NP,2.47,105.5,2.18,107.8,25.4,0.489,0.28,0.214,28.9,14.7,0.49200000000000005
91,Washington Bullets,FR,-1.02,107.0,-1.37,105.7,25.9,0.48,0.35,0.262,34.5,15.9,0.457
524,Orlando Magic,FR,-0.39,105.0,0.13,105.2,26.9,0.486,-0.53,0.239,27.0,14.4,0.478
238,New York Knicks,CF,5.87,99.7,6.16,106.1,28.3,0.444,-0.29,0.249,33.1,15.8,0.479
129,Milwaukee Bucks,SF,4.11,106.4,3.61,110.1,28.5,0.493,0.5,0.273,32.7,15.9,0.48700000000000004
145,Dallas Mavericks,FR,0.42,107.2,0.07,107.2,29.2,0.48100000000000004,0.35,0.254,30.3,15.0,0.48700000000000004
421,Chicago Bulls,NP,-9.23,104.6,-9.4,94.2,26.0,0.484,0.17,0.24,29.9,19.0,0.44299999999999995
745,Charlotte Bobcats,NP,-4.08,107.8,-4.0,103.4,26.9,0.5,-0.08,0.237,25.7,14.5,0.48200000000000004
25,Chicago Bulls,FR,-0.5,109.6,-0.84,108.7,25.2,0.495,0.34,0.287,32.2,17.8,0.502
76,Golden State Warriors,SF,-2.54,111.2,-2.34,108.9,26.9,0.503,-0.2,0.266,32.5,16.5,0.48700000000000004
496,Philadelphia 76ers,FR,1.27,100.3,1.6,102.1,29.0,0.46,-0.33,0.255,31.7,15.3,0.452
843,Houston Rockets,FR,5.06,106.3,4.56,111.0,25.4,0.489,0.5,0.275,27.4,16.1,0.531
886,Phoenix Suns,NP,-0.38,106.2,-0.9,105.3,25.7,0.49700000000000005,0.52,0.191,24.5,15.1,0.501
628,Dallas Mavericks,FR,7.28,103.2,7.22,111.3,28.1,0.47700000000000004,0.06,0.256,28.7,13.9,0.509
240,Philadelphia 76ers,NP,-5.25,110.4,-5.77,104.6,27.1,0.504,0.51,0.251,28.1,16.6,0.479
472,Toronto Raptors,SF,1.69,103.4,2.26,105.9,29.9,0.47600000000000003,-0.57,0.213,30.8,13.2,0.46799999999999997
234,Miami Heat,NP,-0.93,108.9,-1.15,107.7,25.2,0.495,0.21,0.27899999999999997,31.9,15.7,0.48100000000000004
693,Indiana Pacers,NP,-0.76,109.2,-1.11,108.1,26.5,0.499,0.35,0.215,25.4,14.5,0.501
926,Charlotte Hornets,NP,-0.07,108.6,0.2,108.8,26.5,0.523,-0.26,0.22699999999999998,19.9,11.5,0.501
337,Denver Nuggets,NP,-6.4,111.2,-6.28,104.5,28.6,0.501,-0.12,0.22699999999999998,28.8,16.6,0.486
739,San Antonio Spurs,SF,5.07,104.5,5.09,110.0,28.7,0.483,-0.02,0.21899999999999997,26.8,13.6,0.515
27,Dallas Mavericks,FR,1.8,109.3,2.17,111.5,25.0,0.51,-0.37,0.253,30.7,14.4,0.499
43,Seattle SuperSonics,NP,-5.44,108.2,-5.44,102.8,26.4,0.498,0.0,0.257,30.0,18.2,0.47700000000000004
654,Boston Celtics,WF,9.3,98.9,10.26,110.2,27.9,0.457,-0.95,0.267,26.6,15.2,0.522
377,New York Knicks,SF,2.74,100.3,2.46,103.0,30.2,0.455,0.28,0.218,29.5,15.2,0.47600000000000003
755,Los Angeles Lakers,SF,6.01,104.3,6.11,111.0,30.2,0.47700000000000004,-0.1,0.228,29.2,13.1,0.502
10,Kansas City Kings,FR,-1.62,108.0,-1.48,106.5,26.2,0.505,-0.15,0.268,32.4,18.3,0.49
38,New York Knicks,NP,-4.09,109.6,-4.63,104.9,25.8,0.499,0.54,0.24,31.7,17.8,0.48700000000000004
381,Portland Trail Blazers,FR,0.83,102.4,1.4,104.0,26.1,0.46,-0.57,0.256,33.0,16.9,0.47600000000000003
300,Utah Jazz,FR,7.76,105.7,7.99,114.3,29.6,0.496,-0.23,0.306,29.1,15.7,0.535
646,Portland Trail Blazers,NP,-3.78,109.9,-4.29,105.1,24.4,0.508,0.51,0.24100000000000002,28.2,15.1,0.483
866,Charlotte Hornets,NP,-3.44,103.5,-3.17,100.1,26.0,0.48700000000000004,-0.27,0.20199999999999999,22.1,11.9,0.456
243,Sacramento Kings,NP,-3.0,109.6,-3.17,106.5,26.5,0.502,0.17,0.257,30.7,16.6,0.48100000000000004
192,Utah Jazz,SF,3.18,105.1,3.33,108.6,28.7,0.473,-0.15,0.298,27.6,15.9,0.503
446,Washington Wizards,NP,-3.47,107.0,-3.28,103.5,28.0,0.489,-0.19,0.23399999999999999,30.6,16.1,0.47600000000000003
672,New York Knicks,NP,-6.55,111.9,-6.61,104.7,25.7,0.518,0.06,0.226,28.6,14.5,0.475
375,Minnesota Timberwolves,FR,0.17,107.1,0.71,107.8,26.4,0.48,-0.54,0.244,30.6,13.9,0.483
171,Cleveland Cavaliers,NP,-2.33,108.7,-2.46,106.1,26.8,0.49700000000000005,0.14,0.243,29.7,15.6,0.48700000000000004
304,Charlotte Hornets,NP,-0.48,111.8,-0.57,111.2,27.8,0.529,0.09,0.24600000000000002,29.5,15.1,0.514
453,Denver Nuggets,NP,-1.83,106.3,-2.46,103.7,27.9,0.47600000000000003,0.64,0.21100000000000002,28.3,13.9,0.47
52,Detroit Pistons,FR,1.44,107.9,1.17,109.0,26.5,0.496,0.27,0.23199999999999998,33.5,16.4,0.488
951,Utah Jazz,SF,4.0,105.3,3.94,109.6,26.8,0.493,0.06,0.215,23.2,13.6,0.526
420,Charlotte Hornets,FR,2.33,101.4,2.67,104.3,28.7,0.478,-0.34,0.285,25.7,14.7,0.475
681,Utah Jazz,SF,6.86,106.5,6.88,113.8,25.3,0.501,-0.01,0.265,29.5,14.6,0.528
623,Atlanta Hawks,NP,-4.86,108.3,-4.76,103.0,24.1,0.503,-0.1,0.263,29.2,15.9,0.47100000000000003
229,Golden State Warriors,NP,-0.94,110.2,-0.99,109.2,25.0,0.501,0.05,0.245,34.2,17.7,0.502
130,New Jersey Nets,NP,-5.69,109.3,-6.35,103.0,26.8,0.508,0.66,0.22899999999999998,32.7,17.7,0.474
253,Dallas Mavericks,NP,-8.19,109.6,-8.7,100.4,25.3,0.513,0.5,0.205,33.7,17.0,0.449
520,Minnesota Timberwolves,FR,2.46,103.8,2.07,106.1,28.2,0.47200000000000003,0.39,0.20600000000000002,28.2,13.7,0.488
23,Atlanta Hawks,NP,-1.14,107.3,-1.45,105.9,25.5,0.485,0.31,0.25,32.5,18.0,0.489
136,San Antonio Spurs,NP,-7.45,107.9,-7.28,100.9,25.6,0.5,-0.17,0.223,34.5,20.9,0.47200000000000003
477,Boston Celtics,CF,1.75,101.0,2.21,103.4,26.2,0.46399999999999997,-0.46,0.223,24.1,13.6,0.47600000000000003
459,Los Angeles Lakers,WF,3.74,104.8,3.38,108.4,29.2,0.46799999999999997,0.37,0.23800000000000002,31.1,14.4,0.498
644,Philadelphia 76ers,NP,-3.26,106.9,-3.02,103.6,26.2,0.501,-0.23,0.255,27.2,15.3,0.48
704,Orlando Magic,LF,6.48,101.9,6.7,109.2,27.3,0.465,-0.21,0.251,24.0,13.9,0.52
98,Detroit Pistons,LF,5.46,105.3,5.17,110.5,27.4,0.475,0.29,0.282,34.2,16.4,0.49700000000000005
944,Orlando Magic,NP,-6.61,110.5,-6.57,103.7,25.3,0.523,-0.04,0.184,21.6,13.3,0.489
578,Milwaukee Bucks,NP,-3.09,109.8,-2.99,106.6,26.9,0.499,-0.1,0.261,29.0,13.8,0.475
419,Boston Celtics,NP,-1.0,105.6,-0.76,104.8,25.4,0.498,-0.24,0.23600000000000002,30.4,15.4,0.474
298,San Antonio Spurs,CF,5.9,105.4,5.96,111.7,29.0,0.485,-0.06,0.275,30.9,15.2,0.516
899,Dallas Mavericks,FR,-0.02,107.0,-0.3,106.7,30.3,0.504,0.29,0.21100000000000002,20.6,12.8,0.502
78,Indiana Pacers,FR,-0.17,106.6,-0.65,106.0,25.9,0.48700000000000004,0.47,0.23199999999999998,30.5,15.6,0.478
488,Los Angeles Lakers,WF,7.15,101.7,7.12,109.4,27.9,0.45299999999999996,0.03,0.218,28.8,12.7,0.498
865,Brooklyn Nets,FR,-3.13,107.4,-2.88,104.4,28.6,0.506,-0.25,0.2,23.9,13.8,0.491
649,Seattle SuperSonics,NP,-2.45,110.3,-2.89,107.2,25.9,0.515,0.45,0.228,27.8,15.5,0.499
624,Boston Celtics,NP,-3.7,106.9,-3.41,103.2,23.5,0.502,-0.29,0.259,27.0,16.5,0.479
585,Phoenix Suns,CF,7.08,107.1,7.12,114.5,25.2,0.478,-0.04,0.222,27.5,13.7,0.534
271,San Antonio Spurs,FR,5.05,104.6,5.26,110.4,29.0,0.467,-0.21,0.239,35.6,14.6,0.494
301,Washington Bullets,NP,-5.56,111.3,-5.6,105.4,24.5,0.512,0.04,0.21100000000000002,29.3,15.9,0.49200000000000005
552,New York Knicks,FR,-1.97,103.3,-1.48,101.7,29.6,0.461,-0.49,0.21100000000000002,28.0,15.7,0.474
909,Milwaukee Bucks,NP,-3.98,108.7,-4.18,104.3,23.5,0.51,0.2,0.207,24.9,15.2,0.499
863,Atlanta Hawks,CF,4.75,103.1,5.43,108.9,27.8,0.49200000000000005,-0.68,0.201,21.4,14.2,0.527
503,Utah Jazz,FR,1.21,104.6,0.89,105.6,29.9,0.484,0.32,0.29100000000000004,33.5,16.5,0.47200000000000003
221,Atlanta Hawks,FR,-0.67,110.2,-0.87,109.3,27.1,0.516,0.2,0.22699999999999998,34.8,16.3,0.493
898,Cleveland Cavaliers,WF,5.45,104.5,6.0,110.9,28.1,0.496,-0.55,0.19399999999999998,25.1,13.6,0.524
563,Atlanta Hawks,NP,-9.62,111.1,-9.71,100.6,26.0,0.513,0.09,0.212,30.7,16.1,0.46399999999999997
428,Indiana Pacers,LF,4.15,103.6,4.6,108.5,30.4,0.469,-0.45,0.245,24.9,14.1,0.503
525,Philadelphia 76ers,SF,1.76,102.5,2.3,105.0,28.3,0.488,-0.55,0.263,30.3,14.8,0.466
316,Milwaukee Bucks,NP,-4.92,111.5,-5.3,105.6,27.5,0.52,0.38,0.218,29.7,15.8,0.495
651,Utah Jazz,CF,3.06,107.0,2.87,110.1,25.9,0.496,0.2,0.28300000000000003,31.7,15.6,0.502
679,Seattle SuperSonics,NP,-8.04,109.5,-8.76,100.5,25.4,0.503,0.72,0.204,26.8,16.0,0.467
730,New Jersey Nets,NP,-8.93,110.5,-9.12,100.6,24.8,0.517,0.19,0.24,25.1,14.4,0.45799999999999996
597,Cleveland Cavaliers,SF,2.17,105.4,2.23,107.8,27.1,0.49,-0.06,0.263,28.4,13.9,0.49200000000000005
259,Los Angeles Clippers,NP,-5.28,108.6,-5.72,102.9,27.0,0.494,0.44,0.21100000000000002,30.4,18.0,0.484
28,Denver Nuggets,CF,2.05,108.4,2.44,110.7,28.3,0.516,-0.39,0.253,33.6,16.9,0.491
30,Golden State Warriors,NP,-7.21,113.0,-7.34,106.0,26.1,0.54,0.13,0.257,34.5,17.8,0.47
312,Indiana Pacers,FR,3.11,107.2,3.24,110.8,29.4,0.491,-0.14,0.294,33.0,16.3,0.509
521,New Jersey Nets,LF,4.42,98.1,5.22,103.8,27.3,0.46,-0.8,0.252,28.7,14.8,0.46799999999999997
181,Milwaukee Bucks,FR,2.33,107.2,2.48,109.7,29.3,0.5,-0.15,0.258,31.8,16.1,0.499
287,Los Angeles Lakers,SF,-0.01,109.4,-0.22,109.1,25.9,0.5,0.21,0.215,31.3,15.2,0.5
353,Sacramento Kings,NP,-3.64,108.7,-3.38,105.0,27.4,0.495,-0.26,0.226,32.0,16.2,0.485
209,Minnesota Timberwolves,NP,-6.85,112.4,-7.05,105.0,26.4,0.49700000000000005,0.2,0.188,31.5,14.1,0.467
964,Indiana Pacers,FR,1.18,108.1,1.38,109.5,26.2,0.527,-0.2,0.17300000000000001,22.7,13.3,0.525
352,Portland Trail Blazers,FR,3.56,103.3,4.17,107.9,26.4,0.47100000000000003,-0.61,0.249,32.5,16.5,0.503
294,Philadelphia 76ers,NP,-5.06,109.7,-5.07,104.1,25.1,0.5,0.01,0.23800000000000002,32.3,16.5,0.475
445,Vancouver Grizzlies,NP,-5.1,108.5,-5.62,102.3,25.3,0.502,0.52,0.247,30.1,16.8,0.474
763,Oklahoma City Thunder,CF,3.81,107.2,3.79,111.2,23.7,0.493,0.02,0.299,27.4,14.1,0.501
620,Toronto Raptors,NP,-3.03,112.7,-2.99,109.5,25.9,0.53,-0.04,0.249,25.4,13.1,0.5
694,Los Angeles Clippers,NP,-8.47,111.7,-8.77,102.3,26.6,0.512,0.3,0.20199999999999999,25.1,14.9,0.48100000000000004
974,Orlando Magic,NP,-4.92,110.1,-4.82,105.2,25.6,0.525,-0.1,0.18,20.0,14.5,0.512
729,Minnesota Timberwolves,NP,-9.06,111.6,-9.6,101.7,24.1,0.525,0.54,0.207,26.7,16.3,0.478
433,Minnesota Timberwolves,FR,2.67,103.4,2.52,106.1,26.6,0.474,0.14,0.2,29.4,13.9,0.485
807,Chicago Bulls,SF,-0.02,103.2,0.32,103.5,28.0,0.47700000000000004,-0.33,0.201,29.4,14.3,0.47
335,Cleveland Cavaliers,NP,2.32,102.4,1.84,104.6,26.7,0.48200000000000004,0.47,0.215,29.4,14.5,0.493
131,New York Knicks,SF,3.62,107.5,3.77,111.1,25.3,0.504,-0.15,0.23399999999999999,36.2,19.2,0.512
915,Philadelphia 76ers,NP,-9.92,109.2,-10.23,98.8,23.3,0.51,0.31,0.18600000000000003,20.6,16.4,0.48700000000000004
310,Golden State Warriors,NP,-1.42,109.9,-1.45,108.4,27.0,0.51,0.03,0.265,33.9,16.4,0.489
189,Sacramento Kings,NP,-6.27,109.1,-6.78,102.0,25.9,0.48100000000000004,0.51,0.226,28.8,15.5,0.46799999999999997
427,Houston Rockets,NP,-0.57,105.7,-0.87,104.8,26.3,0.48100000000000004,0.3,0.23600000000000002,29.1,17.4,0.494
960,Denver Nuggets,NP,1.57,111.0,1.48,112.5,25.1,0.539,0.09,0.198,25.7,15.0,0.536
675,Phoenix Suns,FR,5.14,108.1,5.05,113.3,29.3,0.488,0.09,0.228,22.4,14.4,0.551
455,Golden State Warriors,NP,-8.11,107.4,-9.05,97.8,26.6,0.504,0.94,0.19899999999999998,33.3,15.9,0.429
47,Boston Celtics,WF,9.06,102.6,9.41,111.8,29.3,0.466,-0.36,0.244,31.3,16.6,0.518
447,Atlanta Hawks,NP,-5.55,104.3,-5.21,98.7,26.1,0.47200000000000003,-0.34,0.20600000000000002,28.9,16.7,0.456
162,Sacramento Kings,NP,-4.41,110.0,-5.06,104.8,26.4,0.484,0.65,0.215,27.3,15.1,0.484
553,Orlando Magic,NP,-7.25,110.4,-7.02,102.7,25.8,0.502,-0.23,0.218,28.1,13.7,0.461
701,New Orleans Hornets,FR,1.41,107.0,1.55,108.7,28.2,0.496,-0.14,0.23199999999999998,24.6,12.5,0.501
621,Utah Jazz,NP,-2.49,107.0,-2.63,104.1,25.6,0.49,0.14,0.28600000000000003,32.4,15.7,0.467
497,Phoenix Suns,NP,-0.3,104.0,-0.68,103.3,26.5,0.47600000000000003,0.39,0.18,30.1,14.7,0.47200000000000003
970,Minnesota Timberwolves,FR,2.35,111.1,2.23,113.4,27.1,0.539,0.12,0.225,24.4,12.5,0.523
281,Denver Nuggets,FR,0.96,108.2,0.84,109.1,26.6,0.48700000000000004,0.11,0.263,32.0,16.8,0.511
515,Los Angeles Clippers,NP,-3.45,106.8,-4.12,102.3,25.3,0.48100000000000004,0.68,0.252,29.1,15.7,0.467
913,Oklahoma City Thunder,CF,7.09,105.6,7.28,113.1,25.8,0.484,-0.19,0.228,31.1,15.9,0.524
613,Orlando Magic,NP,-1.26,107.5,-1.07,106.3,25.5,0.49,-0.18,0.27,28.5,15.1,0.496
176,Houston Rockets,FR,3.27,103.9,3.5,107.4,27.3,0.469,-0.23,0.22399999999999998,34.4,17.1,0.489
723,Indiana Pacers,NP,-3.11,106.8,-3.01,103.7,26.6,0.49,-0.1,0.22899999999999998,21.6,15.0,0.491
473,Utah Jazz,FR,5.0,102.4,4.7,107.6,32.0,0.473,0.31,0.273,30.2,15.8,0.49700000000000005
479,Chicago Bulls,NP,-8.52,107.6,-8.54,98.2,25.5,0.49700000000000005,0.02,0.218,26.6,15.3,0.456
947,Portland Trail Blazers,FR,-0.23,110.8,-0.52,110.3,24.8,0.508,0.3,0.214,23.0,13.7,0.52
451,Cleveland Cavaliers,NP,-4.48,104.9,-4.24,100.3,26.9,0.47700000000000004,-0.23,0.239,29.7,16.5,0.45899999999999996
249,Boston Celtics,NP,-4.28,108.7,-4.28,104.2,27.8,0.494,0.01,0.207,29.3,15.1,0.48200000000000004
376,New Jersey Nets,FR,1.88,106.6,1.57,108.3,27.8,0.499,0.31,0.253,36.7,14.4,0.46299999999999997
216,Sacramento Kings,NP,-5.63,109.9,-6.06,103.9,25.1,0.493,0.44,0.225,28.5,16.6,0.48200000000000004
163,San Antonio Spurs,SF,3.58,104.2,3.49,107.7,26.4,0.47700000000000004,0.09,0.27,34.2,17.1,0.488
980,Toronto Raptors,SF,7.29,105.9,7.78,113.8,25.8,0.501,-0.49,0.198,23.0,13.4,0.539
582,New York Knicks,NP,-2.72,108.9,-2.44,106.2,27.3,0.501,-0.28,0.239,28.3,14.7,0.485
7,Golden State Warriors,NP,-3.35,108.8,-3.4,105.5,25.6,0.519,0.05,0.254,35.6,18.5,0.47100000000000003
894,Boston Celtics,FR,2.84,103.6,3.21,106.8,25.2,0.48700000000000004,-0.37,0.20800000000000002,25.1,13.7,0.488
204,Indiana Pacers,FR,1.85,109.9,1.89,111.7,26.4,0.483,-0.04,0.264,31.8,17.1,0.518
718,Dallas Mavericks,FR,2.66,106.3,2.72,109.2,30.7,0.495,-0.06,0.226,24.3,12.9,0.506
32,Indiana Pacers,NP,-5.46,108.4,-6.21,102.5,24.1,0.499,0.75,0.255,31.7,19.8,0.478
22,Washington Bullets,FR,-2.36,107.2,-2.89,104.2,26.2,0.49200000000000005,0.53,0.24100000000000002,30.1,17.7,0.489
246,Utah Jazz,FR,1.74,107.4,2.17,109.6,29.3,0.48700000000000004,-0.43,0.27899999999999997,31.0,15.5,0.498
151,Los Angeles Clippers,NP,-2.8,107.4,-3.39,104.0,24.5,0.489,0.59,0.265,30.9,18.9,0.488
227,Denver Nuggets,NP,-2.14,106.3,-1.74,104.6,24.8,0.47600000000000003,-0.4,0.245,33.6,17.2,0.47
979,San Antonio Spurs,FR,2.89,104.8,2.89,107.9,29.3,0.507,0.0,0.18899999999999997,23.7,13.1,0.507
178,Los Angeles Clippers,NP,-3.16,106.5,-3.45,103.0,25.1,0.48100000000000004,0.29,0.218,33.3,17.5,0.47100000000000003
152,Los Angeles Lakers,SF,6.74,107.0,6.78,114.0,28.9,0.479,-0.04,0.271,32.8,15.0,0.512
383,San Antonio Spurs,SF,3.3,99.4,3.99,103.8,28.7,0.43700000000000006,-0.69,0.24100000000000002,30.6,16.1,0.493
60,New York Knicks,NP,-4.82,105.2,-5.61,99.5,25.5,0.484,0.79,0.218,29.5,17.5,0.466
656,Chicago Bulls,NP,-3.19,107.2,-3.09,103.9,25.7,0.496,-0.11,0.223,28.9,14.6,0.47
311,Houston Rockets,SF,1.63,107.4,1.74,109.3,29.0,0.495,-0.12,0.243,26.9,15.2,0.512
373,Miami Heat,FR,5.09,102.0,4.93,107.6,28.1,0.452,0.16,0.243,31.5,15.0,0.494
925,Brooklyn Nets,NP,-6.74,110.7,-6.73,104.1,26.0,0.513,-0.01,0.228,19.6,16.5,0.507
735,Philadelphia 76ers,NP,-3.93,110.3,-3.9,106.1,25.4,0.518,-0.03,0.204,27.6,14.5,0.496
356,Toronto Raptors,NP,-2.56,108.0,-3.12,104.6,25.1,0.504,0.57,0.218,32.5,16.4,0.48100000000000004
873,Houston Rockets,CF,3.82,103.4,3.44,107.0,27.6,0.486,0.38,0.223,26.8,16.7,0.512
277,Charlotte Hornets,FR,2.87,106.1,3.28,109.6,28.0,0.485,-0.41,0.247,26.0,14.9,0.517
864,Boston Celtics,FR,-0.4,104.5,0.16,104.7,25.0,0.494,-0.56,0.17600000000000002,24.7,13.8,0.489
426,Golden State Warriors,NP,-7.63,108.4,-8.27,99.8,26.9,0.499,0.64,0.21,32.6,15.9,0.444
840,Denver Nuggets,NP,-1.4,108.2,-2.15,106.0,26.0,0.5,0.75,0.222,27.5,15.9,0.49700000000000005
829,San Antonio Spurs,LF,6.67,101.6,6.4,108.3,28.6,0.48,0.27,0.204,20.5,14.7,0.531
362,Charlotte Hornets,SF,2.45,105.3,2.0,107.5,29.2,0.493,0.45,0.259,30.4,15.2,0.495
642,New York Knicks,NP,-3.06,108.8,-2.85,105.7,25.4,0.504,-0.21,0.27,31.0,17.1,0.494
72,Cleveland Cavaliers,NP,-3.19,106.4,-3.82,102.6,24.6,0.484,0.63,0.25,34.4,19.7,0.47600000000000003
21,Utah Jazz,SF,0.81,108.0,1.13,109.0,26.8,0.479,-0.32,0.292,30.8,18.4,0.505
26,Cleveland Cavaliers,FR,-2.27,108.7,-2.76,106.0,26.6,0.483,0.48,0.254,32.9,16.9,0.478
33,Kansas City Kings,NP,-2.71,112.1,-2.67,109.5,26.1,0.514,-0.04,0.278,34.0,19.4,0.508
42,San Antonio Spurs,FR,0.63,109.0,0.91,109.9,28.1,0.501,-0.29,0.272,33.2,18.8,0.517
449,Charlotte Hornets,SF,1.45,99.5,2.1,101.8,28.2,0.456,-0.65,0.24600000000000002,29.8,14.4,0.457
731,New Orleans Hornets,NP,-2.27,110.1,-2.46,107.4,27.5,0.523,0.19,0.18899999999999997,24.8,13.5,0.506
861,Utah Jazz,NP,-6.27,111.3,-7.17,103.5,24.5,0.518,0.91,0.20199999999999999,25.5,14.6,0.484
351,Phoenix Suns,FR,0.21,108.6,0.66,109.3,28.5,0.507,-0.45,0.24100000000000002,27.1,14.4,0.508
554,Philadelphia 76ers,NP,-2.95,101.9,-2.49,99.1,27.5,0.467,-0.46,0.242,28.2,15.9,0.456
483,Detroit Pistons,SF,1.69,102.4,2.13,104.8,29.5,0.474,-0.45,0.235,24.4,14.5,0.49700000000000005
45,Washington Bullets,FR,0.15,104.6,-0.27,104.3,27.1,0.491,0.42,0.2,27.5,15.6,0.486
202,Golden State Warriors,FR,3.77,109.9,3.9,113.6,25.5,0.499,-0.14,0.262,31.8,16.5,0.524
961,Detroit Pistons,NP,-0.26,107.3,-0.15,107.2,25.9,0.524,-0.11,0.16899999999999998,22.7,13.5,0.512
746,Chicago Bulls,CF,6.53,100.3,7.32,108.3,26.4,0.46299999999999997,-0.79,0.22699999999999998,29.4,14.2,0.501
959,Dallas Mavericks,NP,-2.7,109.5,-3.04,106.3,27.7,0.532,0.34,0.166,18.0,12.3,0.513
636,Memphis Grizzlies,NP,-4.44,112.3,-5.15,106.9,26.2,0.529,0.71,0.285,25.9,16.4,0.504
697,Miami Heat,FR,0.49,107.6,0.26,107.8,25.6,0.501,0.23,0.212,24.6,12.5,0.5
647,Sacramento Kings,NP,-1.35,108.0,-1.8,106.2,27.3,0.513,0.46,0.289,23.1,14.6,0.491
317,Minnesota Timberwolves,NP,-5.14,109.8,-5.35,104.1,26.4,0.509,0.22,0.27699999999999997,29.8,17.4,0.48
159,Philadelphia 76ers,SF,4.23,108.4,4.99,113.5,27.4,0.495,-0.75,0.281,32.0,14.7,0.502
505,Atlanta Hawks,NP,-3.87,106.1,-3.56,102.3,27.2,0.469,-0.31,0.248,27.9,16.7,0.47600000000000003
330,Washington Bullets,NP,0.99,107.6,1.06,108.7,24.8,0.489,-0.07,0.228,28.2,16.2,0.521
306,Cleveland Cavaliers,FR,2.49,106.7,2.59,109.9,27.5,0.506,-0.09,0.226,28.6,13.1,0.51
371,Los Angeles Clippers,NP,-7.53,111.2,-7.37,103.3,25.7,0.498,-0.16,0.221,29.6,16.1,0.47700000000000004
839,Dallas Mavericks,FR,2.91,108.7,2.4,111.2,30.6,0.515,0.5,0.201,24.6,13.5,0.526
862,Washington Wizards,SF,0.48,104.6,1.27,106.0,26.3,0.504,-0.79,0.18100000000000002,25.2,14.7,0.506
15,Philadelphia 76ers,FR,2.39,104.6,2.2,106.8,27.7,0.484,0.2,0.299,34.6,19.9,0.49700000000000005
506,Boston Celtics,SF,-0.75,101.6,-0.39,101.2,26.9,0.47100000000000003,-0.36,0.22699999999999998,23.6,14.0,0.47
516,Los Angeles Lakers,SF,2.71,104.7,2.33,107.2,28.1,0.47700000000000004,0.38,0.228,30.2,14.5,0.486
707,Portland Trail Blazers,FR,5.0,107.8,5.34,113.9,24.0,0.499,-0.35,0.23399999999999999,32.6,12.9,0.511
904,Indiana Pacers,FR,1.62,102.9,1.71,104.6,26.9,0.489,-0.09,0.205,23.4,14.9,0.49700000000000005
146,Denver Nuggets,FR,1.56,106.7,1.41,108.0,29.5,0.501,0.15,0.217,29.1,13.9,0.478
158,Orlando Magic,NP,-8.73,114.3,-8.91,105.8,26.5,0.511,0.19,0.27399999999999997,33.7,17.2,0.467
659,Denver Nuggets,FR,3.74,106.3,3.71,110.0,28.5,0.499,0.03,0.26899999999999996,25.5,14.7,0.51
902,Golden State Warriors,LF,10.38,103.8,10.76,114.5,27.4,0.479,-0.38,0.191,23.5,15.2,0.563
228,Detroit Pistons,NP,-1.1,108.9,-1.39,107.4,29.9,0.5,0.29,0.198,34.6,14.0,0.473
82,New Jersey Nets,NP,-4.42,110.5,-5.05,105.6,26.2,0.488,0.63,0.282,33.2,19.7,0.48700000000000004
638,Milwaukee Bucks,NP,-4.43,111.7,-4.38,107.0,26.0,0.522,-0.06,0.209,27.6,15.1,0.504
969,Milwaukee Bucks,FR,-0.45,110.1,-0.3,109.8,25.9,0.528,-0.15,0.22,20.4,13.8,0.531
12,Milwaukee Bucks,CF,4.04,103.6,4.16,107.8,28.4,0.45899999999999996,-0.12,0.25,33.7,17.3,0.49700000000000005
661,Golden State Warriors,NP,2.38,109.5,2.21,111.8,25.5,0.509,0.17,0.20800000000000002,27.2,13.2,0.511
307,Dallas Mavericks,NP,-4.71,111.2,-4.9,106.1,25.1,0.526,0.19,0.192,34.1,15.5,0.47
633,Indiana Pacers,NP,-2.62,105.5,-2.44,102.9,27.2,0.491,-0.18,0.24600000000000002,28.4,16.3,0.474
892,Washington Wizards,SF,0.17,103.0,0.72,103.7,28.6,0.48100000000000004,-0.55,0.192,24.9,15.0,0.499
220,Washington Bullets,NP,-4.35,108.4,-4.46,103.9,26.1,0.493,0.11,0.20800000000000002,28.9,15.3,0.47100000000000003
804,Boston Celtics,FR,-0.62,103.3,-0.22,103.1,29.1,0.48200000000000004,-0.4,0.204,20.1,14.6,0.503
666,Memphis Grizzlies,NP,-5.76,111.4,-6.21,105.0,24.5,0.521,0.45,0.225,23.8,15.3,0.5
857,Portland Trail Blazers,SF,4.44,107.4,3.99,111.5,25.8,0.488,0.45,0.22,28.0,13.7,0.504
629,Denver Nuggets,FR,1.69,105.9,1.62,107.6,26.5,0.499,0.07,0.268,28.9,16.5,0.501
850,Minnesota Timberwolves,NP,3.1,106.2,2.67,108.9,26.3,0.518,0.43,0.249,27.4,13.9,0.486
531,Toronto Raptors,NP,-6.1,107.0,-5.87,100.5,27.6,0.489,-0.23,0.203,28.2,14.4,0.45799999999999996
349,Orlando Magic,FR,-0.07,106.0,-0.35,105.6,29.4,0.495,0.28,0.22699999999999998,30.9,15.2,0.48100000000000004
952,Washington Wizards,SF,1.36,109.3,1.8,111.2,26.0,0.524,-0.45,0.19899999999999998,24.1,14.2,0.528
619,Seattle SuperSonics,NP,-2.88,114.4,-3.02,111.1,25.6,0.527,0.15,0.24600000000000002,30.4,14.7,0.504
476,Atlanta Hawks,NP,-4.41,106.4,-4.23,101.8,25.7,0.495,-0.18,0.225,27.5,15.5,0.47100000000000003
364,Cleveland Cavaliers,FR,3.06,99.1,2.73,102.2,24.6,0.46,0.33,0.266,30.0,17.3,0.478
102,Los Angeles Clippers,NP,-10.24,107.6,-10.32,97.4,26.2,0.486,0.07,0.22899999999999998,30.9,18.7,0.449
706,Phoenix Suns,NP,1.62,111.6,1.93,113.6,29.5,0.511,-0.31,0.25,27.7,15.7,0.545
63,Portland Trail Blazers,FR,0.61,108.2,1.06,109.2,26.6,0.507,-0.45,0.294,32.8,18.6,0.501
570,Detroit Pistons,LF,3.31,101.2,3.87,105.6,27.9,0.461,-0.55,0.247,31.2,13.8,0.47200000000000003
265,New York Knicks,LF,6.48,98.2,6.99,105.7,28.9,0.451,-0.5,0.23199999999999998,34.4,16.6,0.483
206,Los Angeles Lakers,FR,-0.95,108.9,-1.1,107.7,28.3,0.493,0.15,0.25,32.7,13.3,0.465
550,New Jersey Nets,SF,1.88,98.0,2.5,100.8,27.7,0.46,-0.63,0.21899999999999997,25.9,14.7,0.47100000000000003
313,Los Angeles Clippers,NP,-3.46,110.3,-3.6,106.5,25.2,0.512,0.13,0.21,29.3,16.5,0.511
